10100	Common	Common	Valkyrie	連擊斬 01	False	hit 1	icon_skills.combo_tex
10101	Common	Common	Valkyrie	連擊斬 01	False	hit 2	icon_skills.combo_tex
10102	Common	Common	Valkyrie	連擊斬 01	False	hit 3	icon_skills.combo_tex
10103	Common	Common	Valkyrie	連擊斬 01	False	hit 4	icon_skills.combo_tex
10130	Common	Common	Valkyrie	連擊斬 01	True	hit 1	icon_skills.combo_tex
10199	Common	Common	Valkyrie	連擊斬 01	False		icon_skills.combo_tex
10200	Common	Common	Valkyrie	連擊斬 02	False	hit 1	icon_skills.combo_tex
10201	Common	Common	Valkyrie	連擊斬 02	False	hit 2	icon_skills.combo_tex
10202	Common	Common	Valkyrie	連擊斬 02	False	hit 3	icon_skills.combo_tex
10203	Common	Common	Valkyrie	連擊斬 02	False	hit 4	icon_skills.combo_tex
10230	Common	Common	Valkyrie	連擊斬 02	True	hit 1	icon_skills.combo_tex
10299	Common	Common	Valkyrie	連擊斬 02	False		icon_skills.combo_tex
10300	Common	Common	Valkyrie	連擊斬 03	False	hit 1	icon_skills.combo_tex
10301	Common	Common	Valkyrie	連擊斬 03	False	hit 2	icon_skills.combo_tex
10302	Common	Common	Valkyrie	連擊斬 03	False	hit 3	icon_skills.combo_tex
10303	Common	Common	Valkyrie	連擊斬 03	False	hit 4	icon_skills.combo_tex
10330	Common	Common	Valkyrie	連擊斬 03	True	hit 1	icon_skills.combo_tex
10399	Common	Common	Valkyrie	連擊斬 03	False		icon_skills.combo_tex
10400	Common	Common	Valkyrie	連擊斬 04	False	hit 1	icon_skills.combo_tex
10401	Common	Common	Valkyrie	連擊斬 04	False	hit 2	icon_skills.combo_tex
10402	Common	Common	Valkyrie	連擊斬 04	False	hit 3	icon_skills.combo_tex
10403	Common	Common	Valkyrie	連擊斬 04	False	hit 4	icon_skills.combo_tex
10430	Common	Common	Valkyrie	連擊斬 04	True	hit 1	icon_skills.combo_tex
10499	Common	Common	Valkyrie	連擊斬 04	False		icon_skills.combo_tex
10500	Common	Common	Valkyrie	連擊斬 05	False	hit 1	icon_skills.combo_tex
10501	Common	Common	Valkyrie	連擊斬 05	False	hit 2	icon_skills.combo_tex
10502	Common	Common	Valkyrie	連擊斬 05	False	hit 3	icon_skills.combo_tex
10503	Common	Common	Valkyrie	連擊斬 05	False	hit 4	icon_skills.combo_tex
10530	Common	Common	Valkyrie	連擊斬 05	True	hit 1	icon_skills.combo_tex
10599	Common	Common	Valkyrie	連擊斬 05	False		icon_skills.combo_tex
10600	Common	Common	Valkyrie	連擊斬 06	False	hit 1	icon_skills.combo_tex
10601	Common	Common	Valkyrie	連擊斬 06	False	hit 2	icon_skills.combo_tex
10602	Common	Common	Valkyrie	連擊斬 06	False	hit 3	icon_skills.combo_tex
10603	Common	Common	Valkyrie	連擊斬 06	False	hit 4	icon_skills.combo_tex
10630	Common	Common	Valkyrie	連擊斬 06	True	hit 1	icon_skills.combo_tex
10699	Common	Common	Valkyrie	連擊斬 06	False		icon_skills.combo_tex
10700	Common	Common	Valkyrie	連擊斬 07	False	hit 1	icon_skills.combo_tex
10701	Common	Common	Valkyrie	連擊斬 07	False	hit 2	icon_skills.combo_tex
10702	Common	Common	Valkyrie	連擊斬 07	False	hit 3	icon_skills.combo_tex
10703	Common	Common	Valkyrie	連擊斬 07	False	hit 4	icon_skills.combo_tex
10730	Common	Common	Valkyrie	連擊斬 07	True	hit 1	icon_skills.combo_tex
10799	Common	Common	Valkyrie	連擊斬 07	False		icon_skills.combo_tex
10800	Common	Common	Valkyrie	連擊斬 08	False	hit 1	icon_skills.combo_tex
10801	Common	Common	Valkyrie	連擊斬 08	False	hit 2	icon_skills.combo_tex
10802	Common	Common	Valkyrie	連擊斬 08	False	hit 3	icon_skills.combo_tex
10803	Common	Common	Valkyrie	連擊斬 08	False	hit 4	icon_skills.combo_tex
10830	Common	Common	Valkyrie	連擊斬 08	True	hit 1	icon_skills.combo_tex
10899	Common	Common	Valkyrie	連擊斬 08	False		icon_skills.combo_tex
10900	Common	Common	Valkyrie	連擊斬 09	False	hit 1	icon_skills.combo_tex
10901	Common	Common	Valkyrie	連擊斬 09	False	hit 2	icon_skills.combo_tex
10902	Common	Common	Valkyrie	連擊斬 09	False	hit 3	icon_skills.combo_tex
10903	Common	Common	Valkyrie	連擊斬 09	False	hit 4	icon_skills.combo_tex
10930	Common	Common	Valkyrie	連擊斬 09	True	hit 1	icon_skills.combo_tex
10999	Common	Common	Valkyrie	連擊斬 09	False		icon_skills.combo_tex
11000	Common	Common	Valkyrie	連擊斬 10	False	hit 1	icon_skills.combo_tex
11001	Common	Common	Valkyrie	連擊斬 10	False	hit 2	icon_skills.combo_tex
11002	Common	Common	Valkyrie	連擊斬 10	False	hit 3	icon_skills.combo_tex
11003	Common	Common	Valkyrie	連擊斬 10	False	hit 4	icon_skills.combo_tex
11030	Common	Common	Valkyrie	連擊斬 10	True	hit 1	icon_skills.combo_tex
11099	Common	Common	Valkyrie	連擊斬 10	False		icon_skills.combo_tex
11100	Common	Common	Valkyrie	連擊斬 11	False	hit 1	icon_skills.combo_tex
11101	Common	Common	Valkyrie	連擊斬 11	False	hit 2	icon_skills.combo_tex
11102	Common	Common	Valkyrie	連擊斬 11	False	hit 3	icon_skills.combo_tex
11103	Common	Common	Valkyrie	連擊斬 11	False	hit 4	icon_skills.combo_tex
11130	Common	Common	Valkyrie	連擊斬 11	True	hit 1	icon_skills.combo_tex
11199	Common	Common	Valkyrie	連擊斬 11	False		icon_skills.combo_tex
11200	Common	Common	Valkyrie	連擊斬 12	False	hit 1	icon_skills.combo_tex
11201	Common	Common	Valkyrie	連擊斬 12	False	hit 2	icon_skills.combo_tex
11202	Common	Common	Valkyrie	連擊斬 12	False	hit 3	icon_skills.combo_tex
11203	Common	Common	Valkyrie	連擊斬 12	False	hit 4	icon_skills.combo_tex
11230	Common	Common	Valkyrie	連擊斬 12	True	hit 1	icon_skills.combo_tex
11299	Common	Common	Valkyrie	連擊斬 12	False		icon_skills.combo_tex
15100	Common	Common	Valkyrie	連擊斬 01	False	hit 1	icon_skills.combo_tex
15101	Common	Common	Valkyrie	連擊斬 01	False	hit 2	icon_skills.combo_tex
15102	Common	Common	Valkyrie	連擊斬 01	False	hit 3	icon_skills.combo_tex
15103	Common	Common	Valkyrie	連擊斬 01	False	hit 4	icon_skills.combo_tex
15130	Common	Common	Valkyrie	連擊斬 01	True	hit 1	icon_skills.combo_tex
15200	Common	Common	Valkyrie	連擊斬 02	False	hit 1	icon_skills.combo_tex
15201	Common	Common	Valkyrie	連擊斬 02	False	hit 2	icon_skills.combo_tex
15202	Common	Common	Valkyrie	連擊斬 02	False	hit 3	icon_skills.combo_tex
15203	Common	Common	Valkyrie	連擊斬 02	False	hit 4	icon_skills.combo_tex
15230	Common	Common	Valkyrie	連擊斬 02	True	hit 1	icon_skills.combo_tex
15300	Common	Common	Valkyrie	連擊斬 03	False	hit 1	icon_skills.combo_tex
15301	Common	Common	Valkyrie	連擊斬 03	False	hit 2	icon_skills.combo_tex
15302	Common	Common	Valkyrie	連擊斬 03	False	hit 3	icon_skills.combo_tex
15303	Common	Common	Valkyrie	連擊斬 03	False	hit 4	icon_skills.combo_tex
15330	Common	Common	Valkyrie	連擊斬 03	True	hit 1	icon_skills.combo_tex
15400	Common	Common	Valkyrie	連擊斬 04	False	hit 1	icon_skills.combo_tex
15401	Common	Common	Valkyrie	連擊斬 04	False	hit 2	icon_skills.combo_tex
15402	Common	Common	Valkyrie	連擊斬 04	False	hit 3	icon_skills.combo_tex
15403	Common	Common	Valkyrie	連擊斬 04	False	hit 4	icon_skills.combo_tex
15430	Common	Common	Valkyrie	連擊斬 04	True	hit 1	icon_skills.combo_tex
15500	Common	Common	Valkyrie	連擊斬 05	False	hit 1	icon_skills.combo_tex
15501	Common	Common	Valkyrie	連擊斬 05	False	hit 2	icon_skills.combo_tex
15502	Common	Common	Valkyrie	連擊斬 05	False	hit 3	icon_skills.combo_tex
15503	Common	Common	Valkyrie	連擊斬 05	False	hit 4	icon_skills.combo_tex
15530	Common	Common	Valkyrie	連擊斬 05	True	hit 1	icon_skills.combo_tex
15600	Common	Common	Valkyrie	連擊斬 06	False	hit 1	icon_skills.combo_tex
15601	Common	Common	Valkyrie	連擊斬 06	False	hit 2	icon_skills.combo_tex
15602	Common	Common	Valkyrie	連擊斬 06	False	hit 3	icon_skills.combo_tex
15603	Common	Common	Valkyrie	連擊斬 06	False	hit 4	icon_skills.combo_tex
15630	Common	Common	Valkyrie	連擊斬 06	True	hit 1	icon_skills.combo_tex
15700	Common	Common	Valkyrie	連擊斬 07	False	hit 1	icon_skills.combo_tex
15701	Common	Common	Valkyrie	連擊斬 07	False	hit 2	icon_skills.combo_tex
15702	Common	Common	Valkyrie	連擊斬 07	False	hit 3	icon_skills.combo_tex
15703	Common	Common	Valkyrie	連擊斬 07	False	hit 4	icon_skills.combo_tex
15730	Common	Common	Valkyrie	連擊斬 07	True	hit 1	icon_skills.combo_tex
15800	Common	Common	Valkyrie	連擊斬 08	False	hit 1	icon_skills.combo_tex
15801	Common	Common	Valkyrie	連擊斬 08	False	hit 2	icon_skills.combo_tex
15802	Common	Common	Valkyrie	連擊斬 08	False	hit 3	icon_skills.combo_tex
15803	Common	Common	Valkyrie	連擊斬 08	False	hit 4	icon_skills.combo_tex
15830	Common	Common	Valkyrie	連擊斬 08	True	hit 1	icon_skills.combo_tex
15900	Common	Common	Valkyrie	連擊斬 09	False	hit 1	icon_skills.combo_tex
15901	Common	Common	Valkyrie	連擊斬 09	False	hit 2	icon_skills.combo_tex
15902	Common	Common	Valkyrie	連擊斬 09	False	hit 3	icon_skills.combo_tex
15903	Common	Common	Valkyrie	連擊斬 09	False	hit 4	icon_skills.combo_tex
15930	Common	Common	Valkyrie	連擊斬 09	True	hit 1	icon_skills.combo_tex
16000	Common	Common	Valkyrie	連擊斬 10	False	hit 1	icon_skills.combo_tex
16001	Common	Common	Valkyrie	連擊斬 10	False	hit 2	icon_skills.combo_tex
16002	Common	Common	Valkyrie	連擊斬 10	False	hit 3	icon_skills.combo_tex
16003	Common	Common	Valkyrie	連擊斬 10	False	hit 4	icon_skills.combo_tex
16030	Common	Common	Valkyrie	連擊斬 10	True	hit 1	icon_skills.combo_tex
16100	Common	Common	Valkyrie	連擊斬 11	False	hit 1	icon_skills.combo_tex
16101	Common	Common	Valkyrie	連擊斬 11	False	hit 2	icon_skills.combo_tex
16102	Common	Common	Valkyrie	連擊斬 11	False	hit 3	icon_skills.combo_tex
16103	Common	Common	Valkyrie	連擊斬 11	False	hit 4	icon_skills.combo_tex
16130	Common	Common	Valkyrie	連擊斬 11	True	hit 1	icon_skills.combo_tex
16200	Common	Common	Valkyrie	連擊斬 12	False	hit 1	icon_skills.combo_tex
16201	Common	Common	Valkyrie	連擊斬 12	False	hit 2	icon_skills.combo_tex
16202	Common	Common	Valkyrie	連擊斬 12	False	hit 3	icon_skills.combo_tex
16203	Common	Common	Valkyrie	連擊斬 12	False	hit 4	icon_skills.combo_tex
16230	Common	Common	Valkyrie	連擊斬 12	True	hit 1	icon_skills.combo_tex

20100	Common	Common	Valkyrie	魂擊斬 01	False		icon_skills.fatalshot_tex
20130	Common	Common	Valkyrie	魂擊斬 01	True		icon_skills.fatalshot_tex
20199	Common	Common	Valkyrie	魂擊斬 01	False		icon_skills.fatalshot_tex
20200	Common	Common	Valkyrie	魂擊斬 02	False		icon_skills.fatalshot_tex
20230	Common	Common	Valkyrie	魂擊斬 02	True		icon_skills.fatalshot_tex
20299	Common	Common	Valkyrie	魂擊斬 02	False		icon_skills.fatalshot_tex
20300	Common	Common	Valkyrie	魂擊斬 03	False		icon_skills.fatalshot_tex
20330	Common	Common	Valkyrie	魂擊斬 03	True		icon_skills.fatalshot_tex
20399	Common	Common	Valkyrie	魂擊斬 03	False		icon_skills.fatalshot_tex
20400	Common	Common	Valkyrie	魂擊斬 04	False		icon_skills.fatalshot_tex
20430	Common	Common	Valkyrie	魂擊斬 04	True		icon_skills.fatalshot_tex
20499	Common	Common	Valkyrie	魂擊斬 04	False		icon_skills.fatalshot_tex
20500	Common	Common	Valkyrie	魂擊斬 05	False		icon_skills.fatalshot_tex
20530	Common	Common	Valkyrie	魂擊斬 05	True		icon_skills.fatalshot_tex
20599	Common	Common	Valkyrie	魂擊斬 05	False		icon_skills.fatalshot_tex
20600	Common	Common	Valkyrie	魂擊斬 06	False		icon_skills.fatalshot_tex
20630	Common	Common	Valkyrie	魂擊斬 06	True		icon_skills.fatalshot_tex
20699	Common	Common	Valkyrie	魂擊斬 06	False		icon_skills.fatalshot_tex
20700	Common	Common	Valkyrie	魂擊斬 07	False		icon_skills.fatalshot_tex
20730	Common	Common	Valkyrie	魂擊斬 07	True		icon_skills.fatalshot_tex
20799	Common	Common	Valkyrie	魂擊斬 07	False		icon_skills.fatalshot_tex
25100	Common	Common	Valkyrie	魂擊斬 01	False		icon_skills.fatalshot_tex
25130	Common	Common	Valkyrie	魂擊斬 01	True		icon_skills.fatalshot_tex
25200	Common	Common	Valkyrie	魂擊斬 02	False		icon_skills.fatalshot_tex
25230	Common	Common	Valkyrie	魂擊斬 02	True		icon_skills.fatalshot_tex
25300	Common	Common	Valkyrie	魂擊斬 03	False		icon_skills.fatalshot_tex
25330	Common	Common	Valkyrie	魂擊斬 03	True		icon_skills.fatalshot_tex
25400	Common	Common	Valkyrie	魂擊斬 04	False		icon_skills.fatalshot_tex
25430	Common	Common	Valkyrie	魂擊斬 04	True		icon_skills.fatalshot_tex
25500	Common	Common	Valkyrie	魂擊斬 05	False		icon_skills.fatalshot_tex
25530	Common	Common	Valkyrie	魂擊斬 05	True		icon_skills.fatalshot_tex
25600	Common	Common	Valkyrie	魂擊斬 06	False		icon_skills.fatalshot_tex
25630	Common	Common	Valkyrie	魂擊斬 06	True		icon_skills.fatalshot_tex
25700	Common	Common	Valkyrie	魂擊斬 07	False		icon_skills.fatalshot_tex
25730	Common	Common	Valkyrie	魂擊斬 07	True		icon_skills.fatalshot_tex

30100	Common	Common	Valkyrie	月光爆 01	False		icon_skills.throwglave_tex
30130	Common	Common	Valkyrie	月光爆 01	True		icon_skills.throwglave_tex
30199	Common	Common	Valkyrie	月光爆 01	False		icon_skills.throwglave_tex
30200	Common	Common	Valkyrie	月光爆 02	False		icon_skills.throwglave_tex
30230	Common	Common	Valkyrie	月光爆 02	True		icon_skills.throwglave_tex
30299	Common	Common	Valkyrie	月光爆 02	False		icon_skills.throwglave_tex
30300	Common	Common	Valkyrie	月光爆 03	False		icon_skills.throwglave_tex
30330	Common	Common	Valkyrie	月光爆 03	True		icon_skills.throwglave_tex
30399	Common	Common	Valkyrie	月光爆 03	False		icon_skills.throwglave_tex
30400	Common	Common	Valkyrie	月光爆 04	False		icon_skills.throwglave_tex
30430	Common	Common	Valkyrie	月光爆 04	True		icon_skills.throwglave_tex
30499	Common	Common	Valkyrie	月光爆 04	False		icon_skills.throwglave_tex
30500	Common	Common	Valkyrie	月光爆 05	False		icon_skills.throwglave_tex
30530	Common	Common	Valkyrie	月光爆 05	True		icon_skills.throwglave_tex
30599	Common	Common	Valkyrie	月光爆 05	False		icon_skills.throwglave_tex
30600	Common	Common	Valkyrie	月光爆 06	False		icon_skills.throwglave_tex
30630	Common	Common	Valkyrie	月光爆 06	True		icon_skills.throwglave_tex
30699	Common	Common	Valkyrie	月光爆 06	False		icon_skills.throwglave_tex
30700	Common	Common	Valkyrie	月光爆 07	False		icon_skills.throwglave_tex
30730	Common	Common	Valkyrie	月光爆 07	True		icon_skills.throwglave_tex
30799	Common	Common	Valkyrie	月光爆 07	False		icon_skills.throwglave_tex
30800	Common	Common	Valkyrie	月光爆 08	False		icon_skills.throwglave_tex
30830	Common	Common	Valkyrie	月光爆 08	True		icon_skills.throwglave_tex
30899	Common	Common	Valkyrie	月光爆 08	False		icon_skills.throwglave_tex
30900	Common	Common	Valkyrie	月光爆 09	False		icon_skills.throwglave_tex
30930	Common	Common	Valkyrie	月光爆 09	True		icon_skills.throwglave_tex
30999	Common	Common	Valkyrie	月光爆 09	False		icon_skills.throwglave_tex
35100	Common	Common	Valkyrie	月光爆 01	False		icon_skills.throwglave_tex
35130	Common	Common	Valkyrie	月光爆 01	True		icon_skills.throwglave_tex
35200	Common	Common	Valkyrie	月光爆 02	False		icon_skills.throwglave_tex
35230	Common	Common	Valkyrie	月光爆 02	True		icon_skills.throwglave_tex
35300	Common	Common	Valkyrie	月光爆 03	False		icon_skills.throwglave_tex
35330	Common	Common	Valkyrie	月光爆 03	True		icon_skills.throwglave_tex
35400	Common	Common	Valkyrie	月光爆 04	False		icon_skills.throwglave_tex
35430	Common	Common	Valkyrie	月光爆 04	True		icon_skills.throwglave_tex
35500	Common	Common	Valkyrie	月光爆 05	False		icon_skills.throwglave_tex
35530	Common	Common	Valkyrie	月光爆 05	True		icon_skills.throwglave_tex
35600	Common	Common	Valkyrie	月光爆 06	False		icon_skills.throwglave_tex
35630	Common	Common	Valkyrie	月光爆 06	True		icon_skills.throwglave_tex
35700	Common	Common	Valkyrie	月光爆 07	False		icon_skills.throwglave_tex
35730	Common	Common	Valkyrie	月光爆 07	True		icon_skills.throwglave_tex
35800	Common	Common	Valkyrie	月光爆 08	False		icon_skills.throwglave_tex
35830	Common	Common	Valkyrie	月光爆 08	True		icon_skills.throwglave_tex
35900	Common	Common	Valkyrie	月光爆 09	False		icon_skills.throwglave_tex
35930	Common	Common	Valkyrie	月光爆 09	True		icon_skills.throwglave_tex

40100	Common	Common	Valkyrie	月光騰躍 01	False		icon_skills.dashcut_tex
40110	Common	Common	Valkyrie	月光騰躍 01	False		icon_skills.dashcut_tex
40111	Common	Common	Valkyrie	月光騰躍 01	False		icon_skills.dashcut_tex
40199	Common	Common	Valkyrie	月光騰躍 01	False		icon_skills.dashcut_tex
40200	Common	Common	Valkyrie	月光騰躍 02	False		icon_skills.dashcut_tex
40210	Common	Common	Valkyrie	月光騰躍 02	False		icon_skills.dashcut_tex
40211	Common	Common	Valkyrie	月光騰躍 02	False		icon_skills.dashcut_tex
40299	Common	Common	Valkyrie	月光騰躍 02	False		icon_skills.dashcut_tex
40300	Common	Common	Valkyrie	月光騰躍 03	False		icon_skills.dashcut_tex
40310	Common	Common	Valkyrie	月光騰躍 03	False		icon_skills.dashcut_tex
40311	Common	Common	Valkyrie	月光騰躍 03	False		icon_skills.dashcut_tex
40399	Common	Common	Valkyrie	月光騰躍 03	False		icon_skills.dashcut_tex
40400	Common	Common	Valkyrie	月光騰躍 04	False		icon_skills.dashcut_tex
40410	Common	Common	Valkyrie	月光騰躍 04	False		icon_skills.dashcut_tex
40411	Common	Common	Valkyrie	月光騰躍 04	False		icon_skills.dashcut_tex
40499	Common	Common	Valkyrie	月光騰躍 04	False		icon_skills.dashcut_tex
40500	Common	Common	Valkyrie	月光騰躍 05	False		icon_skills.dashcut_tex
40510	Common	Common	Valkyrie	月光騰躍 05	False		icon_skills.dashcut_tex
40511	Common	Common	Valkyrie	月光騰躍 05	False		icon_skills.dashcut_tex
40599	Common	Common	Valkyrie	月光騰躍 05	False		icon_skills.dashcut_tex
40600	Common	Common	Valkyrie	月光騰躍 06	False		icon_skills.dashcut_tex
40610	Common	Common	Valkyrie	月光騰躍 06	False		icon_skills.dashcut_tex
40611	Common	Common	Valkyrie	月光騰躍 06	False		icon_skills.dashcut_tex
40699	Common	Common	Valkyrie	月光騰躍 06	False		icon_skills.dashcut_tex
40700	Common	Common	Valkyrie	月光騰躍 07	False		icon_skills.dashcut_tex
40710	Common	Common	Valkyrie	月光騰躍 07	False		icon_skills.dashcut_tex
40711	Common	Common	Valkyrie	月光騰躍 07	False		icon_skills.dashcut_tex
40799	Common	Common	Valkyrie	月光騰躍 07	False		icon_skills.dashcut_tex
40800	Common	Common	Valkyrie	月光騰躍 08	False		icon_skills.dashcut_tex
40810	Common	Common	Valkyrie	月光騰躍 08	False		icon_skills.dashcut_tex
40811	Common	Common	Valkyrie	月光騰躍 08	False		icon_skills.dashcut_tex
40899	Common	Common	Valkyrie	月光騰躍 08	False		icon_skills.dashcut_tex
40900	Common	Common	Valkyrie	月光騰躍 09	False		icon_skills.dashcut_tex
40910	Common	Common	Valkyrie	月光騰躍 09	False		icon_skills.dashcut_tex
40911	Common	Common	Valkyrie	月光騰躍 09	False		icon_skills.dashcut_tex
40999	Common	Common	Valkyrie	月光騰躍 09	False		icon_skills.dashcut_tex
41000	Common	Common	Valkyrie	月光騰躍 10	False		icon_skills.dashcut_tex
41010	Common	Common	Valkyrie	月光騰躍 10	False		icon_skills.dashcut_tex
41011	Common	Common	Valkyrie	月光騰躍 10	False		icon_skills.dashcut_tex
41099	Common	Common	Valkyrie	月光騰躍 10	False		icon_skills.dashcut_tex
45100	Common	Common	Valkyrie	月光騰躍 01	False		icon_skills.dashcut_tex
45110	Common	Common	Valkyrie	月光騰躍 01	False		icon_skills.dashcut_tex
45200	Common	Common	Valkyrie	月光騰躍 02	False		icon_skills.dashcut_tex
45210	Common	Common	Valkyrie	月光騰躍 02	False		icon_skills.dashcut_tex
45300	Common	Common	Valkyrie	月光騰躍 03	False		icon_skills.dashcut_tex
45310	Common	Common	Valkyrie	月光騰躍 03	False		icon_skills.dashcut_tex
45400	Common	Common	Valkyrie	月光騰躍 04	False		icon_skills.dashcut_tex
45410	Common	Common	Valkyrie	月光騰躍 04	False		icon_skills.dashcut_tex
45500	Common	Common	Valkyrie	月光騰躍 05	False		icon_skills.dashcut_tex
45510	Common	Common	Valkyrie	月光騰躍 05	False		icon_skills.dashcut_tex
45600	Common	Common	Valkyrie	月光騰躍 06	False		icon_skills.dashcut_tex
45610	Common	Common	Valkyrie	月光騰躍 06	False		icon_skills.dashcut_tex
45700	Common	Common	Valkyrie	月光騰躍 07	False		icon_skills.dashcut_tex
45710	Common	Common	Valkyrie	月光騰躍 07	False		icon_skills.dashcut_tex
45800	Common	Common	Valkyrie	月光騰躍 08	False		icon_skills.dashcut_tex
45810	Common	Common	Valkyrie	月光騰躍 08	False		icon_skills.dashcut_tex
45900	Common	Common	Valkyrie	月光騰躍 09	False		icon_skills.dashcut_tex
45910	Common	Common	Valkyrie	月光騰躍 09	False		icon_skills.dashcut_tex
46000	Common	Common	Valkyrie	月光騰躍 10	False		icon_skills.dashcut_tex
46010	Common	Common	Valkyrie	月光騰躍 10	False		icon_skills.dashcut_tex

50100	Common	Common	Valkyrie	旋風斬 01	False		icon_skills.twister_tex
50130	Common	Common	Valkyrie	旋風斬 01	True		icon_skills.twister_tex
50199	Common	Common	Valkyrie	旋風斬 01	False		icon_skills.twister_tex
50200	Common	Common	Valkyrie	旋風斬 02	False		icon_skills.twister_tex
50230	Common	Common	Valkyrie	旋風斬 02	True		icon_skills.twister_tex
50299	Common	Common	Valkyrie	旋風斬 02	False		icon_skills.twister_tex
50300	Common	Common	Valkyrie	旋風斬 03	False		icon_skills.twister_tex
50330	Common	Common	Valkyrie	旋風斬 03	True		icon_skills.twister_tex
50399	Common	Common	Valkyrie	旋風斬 03	False		icon_skills.twister_tex
50400	Common	Common	Valkyrie	旋風斬 04	False		icon_skills.twister_tex
50430	Common	Common	Valkyrie	旋風斬 04	True		icon_skills.twister_tex
50499	Common	Common	Valkyrie	旋風斬 04	False		icon_skills.twister_tex
50500	Common	Common	Valkyrie	旋風斬 05	False		icon_skills.twister_tex
50530	Common	Common	Valkyrie	旋風斬 05	True		icon_skills.twister_tex
50599	Common	Common	Valkyrie	旋風斬 05	False		icon_skills.twister_tex
55100	Common	Common	Valkyrie	旋風斬 01	False		icon_skills.twister_tex
55130	Common	Common	Valkyrie	旋風斬 01	True		icon_skills.twister_tex
55200	Common	Common	Valkyrie	旋風斬 02	False		icon_skills.twister_tex
55230	Common	Common	Valkyrie	旋風斬 02	True		icon_skills.twister_tex
55300	Common	Common	Valkyrie	旋風斬 03	False		icon_skills.twister_tex
55330	Common	Common	Valkyrie	旋風斬 03	True		icon_skills.twister_tex
55400	Common	Common	Valkyrie	旋風斬 04	False		icon_skills.twister_tex
55430	Common	Common	Valkyrie	旋風斬 04	True		icon_skills.twister_tex
55500	Common	Common	Valkyrie	旋風斬 05	False		icon_skills.twister_tex
55530	Common	Common	Valkyrie	旋風斬 05	True		icon_skills.twister_tex

60100	Common	Common	Valkyrie	昇擊斬 01	False		icon_skills.risingshot_tex
60130	Common	Common	Valkyrie	昇擊斬 01	True		icon_skills.risingshot_tex
60199	Common	Common	Valkyrie	昇擊斬 01	False		icon_skills.risingshot_tex
60200	Common	Common	Valkyrie	昇擊斬 02	False		icon_skills.risingshot_tex
60230	Common	Common	Valkyrie	昇擊斬 02	True		icon_skills.risingshot_tex
60299	Common	Common	Valkyrie	昇擊斬 02	False		icon_skills.risingshot_tex
60300	Common	Common	Valkyrie	昇擊斬 03	False		icon_skills.risingshot_tex
60330	Common	Common	Valkyrie	昇擊斬 03	True		icon_skills.risingshot_tex
60399	Common	Common	Valkyrie	昇擊斬 03	False		icon_skills.risingshot_tex
60400	Common	Common	Valkyrie	昇擊斬 04	False		icon_skills.risingshot_tex
60430	Common	Common	Valkyrie	昇擊斬 04	True		icon_skills.risingshot_tex
60499	Common	Common	Valkyrie	昇擊斬 04	False		icon_skills.risingshot_tex
60500	Common	Common	Valkyrie	昇擊斬 05	False		icon_skills.risingshot_tex
60530	Common	Common	Valkyrie	昇擊斬 05	True		icon_skills.risingshot_tex
60599	Common	Common	Valkyrie	昇擊斬 05	False		icon_skills.risingshot_tex
60600	Common	Common	Valkyrie	昇擊斬 06	False		icon_skills.risingshot_tex
60630	Common	Common	Valkyrie	昇擊斬 06	True		icon_skills.risingshot_tex
60699	Common	Common	Valkyrie	昇擊斬 06	False		icon_skills.risingshot_tex
60700	Common	Common	Valkyrie	昇擊斬 07	False		icon_skills.risingshot_tex
60730	Common	Common	Valkyrie	昇擊斬 07	True		icon_skills.risingshot_tex
60799	Common	Common	Valkyrie	昇擊斬 07	False		icon_skills.risingshot_tex
60800	Common	Common	Valkyrie	昇擊斬 08	False		icon_skills.risingshot_tex
60830	Common	Common	Valkyrie	昇擊斬 08	True		icon_skills.risingshot_tex
60899	Common	Common	Valkyrie	昇擊斬 08	False		icon_skills.risingshot_tex
60900	Common	Common	Valkyrie	昇擊斬 09	False		icon_skills.risingshot_tex
60930	Common	Common	Valkyrie	昇擊斬 09	True		icon_skills.risingshot_tex
60999	Common	Common	Valkyrie	昇擊斬 09	False		icon_skills.risingshot_tex
61000	Common	Common	Valkyrie	昇擊斬 10	False		icon_skills.risingshot_tex
61030	Common	Common	Valkyrie	昇擊斬 10	True		icon_skills.risingshot_tex
61099	Common	Common	Valkyrie	昇擊斬 10	False		icon_skills.risingshot_tex
61100	Common	Common	Valkyrie	昇擊斬 11	False		icon_skills.risingshot_tex
61130	Common	Common	Valkyrie	昇擊斬 11	True		icon_skills.risingshot_tex
61199	Common	Common	Valkyrie	昇擊斬 11	False		icon_skills.risingshot_tex
61200	Common	Common	Valkyrie	昇擊斬 12	False		icon_skills.risingshot_tex
61230	Common	Common	Valkyrie	昇擊斬 12	True		icon_skills.risingshot_tex
61299	Common	Common	Valkyrie	昇擊斬 12	False		icon_skills.risingshot_tex
65100	Common	Common	Valkyrie	昇擊斬 01	False		icon_skills.risingshot_tex
65130	Common	Common	Valkyrie	昇擊斬 01	True		icon_skills.risingshot_tex
65200	Common	Common	Valkyrie	昇擊斬 02	False		icon_skills.risingshot_tex
65230	Common	Common	Valkyrie	昇擊斬 02	True		icon_skills.risingshot_tex
65300	Common	Common	Valkyrie	昇擊斬 03	False		icon_skills.risingshot_tex
65330	Common	Common	Valkyrie	昇擊斬 03	True		icon_skills.risingshot_tex
65400	Common	Common	Valkyrie	昇擊斬 04	False		icon_skills.risingshot_tex
65430	Common	Common	Valkyrie	昇擊斬 04	True		icon_skills.risingshot_tex
65500	Common	Common	Valkyrie	昇擊斬 05	False		icon_skills.risingshot_tex
65530	Common	Common	Valkyrie	昇擊斬 05	True		icon_skills.risingshot_tex
65600	Common	Common	Valkyrie	昇擊斬 06	False		icon_skills.risingshot_tex
65630	Common	Common	Valkyrie	昇擊斬 06	True		icon_skills.risingshot_tex
65700	Common	Common	Valkyrie	昇擊斬 07	False		icon_skills.risingshot_tex
65730	Common	Common	Valkyrie	昇擊斬 07	True		icon_skills.risingshot_tex
65800	Common	Common	Valkyrie	昇擊斬 08	False		icon_skills.risingshot_tex
65830	Common	Common	Valkyrie	昇擊斬 08	True		icon_skills.risingshot_tex
65900	Common	Common	Valkyrie	昇擊斬 09	False		icon_skills.risingshot_tex
65930	Common	Common	Valkyrie	昇擊斬 09	True		icon_skills.risingshot_tex
66000	Common	Common	Valkyrie	昇擊斬 10	False		icon_skills.risingshot_tex
66030	Common	Common	Valkyrie	昇擊斬 10	True		icon_skills.risingshot_tex
66100	Common	Common	Valkyrie	昇擊斬 11	False		icon_skills.risingshot_tex
66130	Common	Common	Valkyrie	昇擊斬 11	True		icon_skills.risingshot_tex
66200	Common	Common	Valkyrie	昇擊斬 12	False		icon_skills.risingshot_tex
66230	Common	Common	Valkyrie	昇擊斬 12	True		icon_skills.risingshot_tex

70100	Common	Common	Valkyrie	煉火斬 01	False	hit 1	icon_skills.helicoptercuts_tex
70101	Common	Common	Valkyrie	煉火斬 01	False	hit 2	icon_skills.helicoptercuts_tex
70102	Common	Common	Valkyrie	煉火斬 01	False	hit 3	icon_skills.helicoptercuts_tex
70130	Common	Common	Valkyrie	煉火斬 01	True		icon_skills.helicoptercuts_tex
70199	Common	Common	Valkyrie	煉火斬 01	False		icon_skills.helicoptercuts_tex
70200	Common	Common	Valkyrie	煉火斬 02	False	hit 1	icon_skills.helicoptercuts_tex
70201	Common	Common	Valkyrie	煉火斬 02	False	hit 2	icon_skills.helicoptercuts_tex
70202	Common	Common	Valkyrie	煉火斬 02	False	hit 3	icon_skills.helicoptercuts_tex
70230	Common	Common	Valkyrie	煉火斬 02	True		icon_skills.helicoptercuts_tex
70299	Common	Common	Valkyrie	煉火斬 02	False		icon_skills.helicoptercuts_tex
70300	Common	Common	Valkyrie	煉火斬 03	False	hit 1	icon_skills.helicoptercuts_tex
70301	Common	Common	Valkyrie	煉火斬 03	False	hit 2	icon_skills.helicoptercuts_tex
70302	Common	Common	Valkyrie	煉火斬 03	False	hit 3	icon_skills.helicoptercuts_tex
70330	Common	Common	Valkyrie	煉火斬 03	True		icon_skills.helicoptercuts_tex
70399	Common	Common	Valkyrie	煉火斬 03	False		icon_skills.helicoptercuts_tex
70400	Common	Common	Valkyrie	煉火斬 04	False	hit 1	icon_skills.helicoptercuts_tex
70401	Common	Common	Valkyrie	煉火斬 04	False	hit 2	icon_skills.helicoptercuts_tex
70402	Common	Common	Valkyrie	煉火斬 04	False	hit 3	icon_skills.helicoptercuts_tex
70430	Common	Common	Valkyrie	煉火斬 04	True		icon_skills.helicoptercuts_tex
70499	Common	Common	Valkyrie	煉火斬 04	False		icon_skills.helicoptercuts_tex
70500	Common	Common	Valkyrie	煉火斬 05	False	hit 1	icon_skills.helicoptercuts_tex
70501	Common	Common	Valkyrie	煉火斬 05	False	hit 2	icon_skills.helicoptercuts_tex
70502	Common	Common	Valkyrie	煉火斬 05	False	hit 3	icon_skills.helicoptercuts_tex
70530	Common	Common	Valkyrie	煉火斬 05	True		icon_skills.helicoptercuts_tex
70599	Common	Common	Valkyrie	煉火斬 05	False		icon_skills.helicoptercuts_tex
70600	Common	Common	Valkyrie	煉火斬 06	False	hit 1	icon_skills.helicoptercuts_tex
70601	Common	Common	Valkyrie	煉火斬 06	False	hit 2	icon_skills.helicoptercuts_tex
70602	Common	Common	Valkyrie	煉火斬 06	False	hit 3	icon_skills.helicoptercuts_tex
70630	Common	Common	Valkyrie	煉火斬 06	True		icon_skills.helicoptercuts_tex
70699	Common	Common	Valkyrie	煉火斬 06	False		icon_skills.helicoptercuts_tex
70700	Common	Common	Valkyrie	煉火斬 07	False	hit 1	icon_skills.helicoptercuts_tex
70701	Common	Common	Valkyrie	煉火斬 07	False	hit 2	icon_skills.helicoptercuts_tex
70702	Common	Common	Valkyrie	煉火斬 07	False	hit 3	icon_skills.helicoptercuts_tex
70730	Common	Common	Valkyrie	煉火斬 07	True		icon_skills.helicoptercuts_tex
70799	Common	Common	Valkyrie	煉火斬 07	False		icon_skills.helicoptercuts_tex
70800	Common	Common	Valkyrie	煉火斬 08	False	hit 1	icon_skills.helicoptercuts_tex
70801	Common	Common	Valkyrie	煉火斬 08	False	hit 2	icon_skills.helicoptercuts_tex
70802	Common	Common	Valkyrie	煉火斬 08	False	hit 3	icon_skills.helicoptercuts_tex
70830	Common	Common	Valkyrie	煉火斬 08	True		icon_skills.helicoptercuts_tex
70899	Common	Common	Valkyrie	煉火斬 08	False		icon_skills.helicoptercuts_tex
70900	Common	Common	Valkyrie	煉火斬 09	False	hit 1	icon_skills.helicoptercuts_tex
70901	Common	Common	Valkyrie	煉火斬 09	False	hit 2	icon_skills.helicoptercuts_tex
70902	Common	Common	Valkyrie	煉火斬 09	False	hit 3	icon_skills.helicoptercuts_tex
70930	Common	Common	Valkyrie	煉火斬 09	True		icon_skills.helicoptercuts_tex
70999	Common	Common	Valkyrie	煉火斬 09	False		icon_skills.helicoptercuts_tex
75100	Common	Common	Valkyrie	煉火斬 01	False	hit 1	icon_skills.helicoptercuts_tex
75101	Common	Common	Valkyrie	煉火斬 01	False	hit 2	icon_skills.helicoptercuts_tex
75102	Common	Common	Valkyrie	煉火斬 01	False	hit 3	icon_skills.helicoptercuts_tex
75130	Common	Common	Valkyrie	煉火斬 01	True		icon_skills.helicoptercuts_tex
75200	Common	Common	Valkyrie	煉火斬 02	False	hit 1	icon_skills.helicoptercuts_tex
75201	Common	Common	Valkyrie	煉火斬 02	False	hit 2	icon_skills.helicoptercuts_tex
75202	Common	Common	Valkyrie	煉火斬 02	False	hit 3	icon_skills.helicoptercuts_tex
75230	Common	Common	Valkyrie	煉火斬 02	True		icon_skills.helicoptercuts_tex
75300	Common	Common	Valkyrie	煉火斬 03	False	hit 1	icon_skills.helicoptercuts_tex
75301	Common	Common	Valkyrie	煉火斬 03	False	hit 2	icon_skills.helicoptercuts_tex
75302	Common	Common	Valkyrie	煉火斬 03	False	hit 3	icon_skills.helicoptercuts_tex
75330	Common	Common	Valkyrie	煉火斬 03	True		icon_skills.helicoptercuts_tex
75400	Common	Common	Valkyrie	煉火斬 04	False	hit 1	icon_skills.helicoptercuts_tex
75401	Common	Common	Valkyrie	煉火斬 04	False	hit 2	icon_skills.helicoptercuts_tex
75402	Common	Common	Valkyrie	煉火斬 04	False	hit 3	icon_skills.helicoptercuts_tex
75430	Common	Common	Valkyrie	煉火斬 04	True		icon_skills.helicoptercuts_tex
75500	Common	Common	Valkyrie	煉火斬 05	False	hit 1	icon_skills.helicoptercuts_tex
75501	Common	Common	Valkyrie	煉火斬 05	False	hit 2	icon_skills.helicoptercuts_tex
75502	Common	Common	Valkyrie	煉火斬 05	False	hit 3	icon_skills.helicoptercuts_tex
75530	Common	Common	Valkyrie	煉火斬 05	True		icon_skills.helicoptercuts_tex
75600	Common	Common	Valkyrie	煉火斬 06	False	hit 1	icon_skills.helicoptercuts_tex
75601	Common	Common	Valkyrie	煉火斬 06	False	hit 2	icon_skills.helicoptercuts_tex
75602	Common	Common	Valkyrie	煉火斬 06	False	hit 3	icon_skills.helicoptercuts_tex
75630	Common	Common	Valkyrie	煉火斬 06	True		icon_skills.helicoptercuts_tex
75700	Common	Common	Valkyrie	煉火斬 07	False	hit 1	icon_skills.helicoptercuts_tex
75701	Common	Common	Valkyrie	煉火斬 07	False	hit 2	icon_skills.helicoptercuts_tex
75702	Common	Common	Valkyrie	煉火斬 07	False	hit 3	icon_skills.helicoptercuts_tex
75730	Common	Common	Valkyrie	煉火斬 07	True		icon_skills.helicoptercuts_tex
75800	Common	Common	Valkyrie	煉火斬 08	False	hit 1	icon_skills.helicoptercuts_tex
75801	Common	Common	Valkyrie	煉火斬 08	False	hit 2	icon_skills.helicoptercuts_tex
75802	Common	Common	Valkyrie	煉火斬 08	False	hit 3	icon_skills.helicoptercuts_tex
75830	Common	Common	Valkyrie	煉火斬 08	True		icon_skills.helicoptercuts_tex
75900	Common	Common	Valkyrie	煉火斬 09	False	hit 1	icon_skills.helicoptercuts_tex
75901	Common	Common	Valkyrie	煉火斬 09	False	hit 2	icon_skills.helicoptercuts_tex
75902	Common	Common	Valkyrie	煉火斬 09	False	hit 3	icon_skills.helicoptercuts_tex
75930	Common	Common	Valkyrie	煉火斬 09	True		icon_skills.helicoptercuts_tex

80100	Common	Common	Valkyrie	滿月 01	False	hit 1	icon_skills.fullmoon_tex
80101	Common	Common	Valkyrie	滿月 01	False	hit 2	icon_skills.fullmoon_tex
80130	Common	Common	Valkyrie	滿月 01	True		icon_skills.fullmoon_tex
80199	Common	Common	Valkyrie	滿月 01	False		icon_skills.fullmoon_tex
85100	Common	Common	Valkyrie	滿月 01	False	hit 1	icon_skills.fullmoon_tex
85101	Common	Common	Valkyrie	滿月 01	False	hit 2	icon_skills.fullmoon_tex
85130	Common	Common	Valkyrie	滿月 01	True		icon_skills.fullmoon_tex

90100	Common	Common	Valkyrie	地擊斬 01	False		icon_skills.cutting_tex
90130	Common	Common	Valkyrie	地擊斬 01	True		icon_skills.cutting_tex
90199	Common	Common	Valkyrie	地擊斬 01	False		icon_skills.cutting_tex
90200	Common	Common	Valkyrie	地擊斬 02	False		icon_skills.cutting_tex
90230	Common	Common	Valkyrie	地擊斬 02	True		icon_skills.cutting_tex
90299	Common	Common	Valkyrie	地擊斬 02	False		icon_skills.cutting_tex
90300	Common	Common	Valkyrie	地擊斬 03	False		icon_skills.cutting_tex
90330	Common	Common	Valkyrie	地擊斬 03	True		icon_skills.cutting_tex
90399	Common	Common	Valkyrie	地擊斬 03	False		icon_skills.cutting_tex
90400	Common	Common	Valkyrie	地擊斬 04	False		icon_skills.cutting_tex
90430	Common	Common	Valkyrie	地擊斬 04	True		icon_skills.cutting_tex
90499	Common	Common	Valkyrie	地擊斬 04	False		icon_skills.cutting_tex
90500	Common	Common	Valkyrie	地擊斬 05	False		icon_skills.cutting_tex
90530	Common	Common	Valkyrie	地擊斬 05	True		icon_skills.cutting_tex
90599	Common	Common	Valkyrie	地擊斬 05	False		icon_skills.cutting_tex
90600	Common	Common	Valkyrie	地擊斬 06	False		icon_skills.cutting_tex
90630	Common	Common	Valkyrie	地擊斬 06	True		icon_skills.cutting_tex
90699	Common	Common	Valkyrie	地擊斬 06	False		icon_skills.cutting_tex
90700	Common	Common	Valkyrie	地擊斬 07	False		icon_skills.cutting_tex
90730	Common	Common	Valkyrie	地擊斬 07	True		icon_skills.cutting_tex
90799	Common	Common	Valkyrie	地擊斬 07	False		icon_skills.cutting_tex
90800	Common	Common	Valkyrie	地擊斬 08	False		icon_skills.cutting_tex
90830	Common	Common	Valkyrie	地擊斬 08	True		icon_skills.cutting_tex
90899	Common	Common	Valkyrie	地擊斬 08	False		icon_skills.cutting_tex
90900	Common	Common	Valkyrie	地擊斬 09	False		icon_skills.cutting_tex
90930	Common	Common	Valkyrie	地擊斬 09	True		icon_skills.cutting_tex
90999	Common	Common	Valkyrie	地擊斬 09	False		icon_skills.cutting_tex
91000	Common	Common	Valkyrie	地擊斬 10	False		icon_skills.cutting_tex
91030	Common	Common	Valkyrie	地擊斬 10	True		icon_skills.cutting_tex
91099	Common	Common	Valkyrie	地擊斬 10	False		icon_skills.cutting_tex
91100	Common	Common	Valkyrie	地擊斬 11	False		icon_skills.cutting_tex
91130	Common	Common	Valkyrie	地擊斬 11	True		icon_skills.cutting_tex
91199	Common	Common	Valkyrie	地擊斬 11	False		icon_skills.cutting_tex
95100	Common	Common	Valkyrie	地擊斬 01	False		icon_skills.cutting_tex
95130	Common	Common	Valkyrie	地擊斬 01	True		icon_skills.cutting_tex
95200	Common	Common	Valkyrie	地擊斬 02	False		icon_skills.cutting_tex
95230	Common	Common	Valkyrie	地擊斬 02	True		icon_skills.cutting_tex
95300	Common	Common	Valkyrie	地擊斬 03	False		icon_skills.cutting_tex
95330	Common	Common	Valkyrie	地擊斬 03	True		icon_skills.cutting_tex
95400	Common	Common	Valkyrie	地擊斬 04	False		icon_skills.cutting_tex
95430	Common	Common	Valkyrie	地擊斬 04	True		icon_skills.cutting_tex
95500	Common	Common	Valkyrie	地擊斬 05	False		icon_skills.cutting_tex
95530	Common	Common	Valkyrie	地擊斬 05	True		icon_skills.cutting_tex
95600	Common	Common	Valkyrie	地擊斬 06	False		icon_skills.cutting_tex
95630	Common	Common	Valkyrie	地擊斬 06	True		icon_skills.cutting_tex
95700	Common	Common	Valkyrie	地擊斬 07	False		icon_skills.cutting_tex
95730	Common	Common	Valkyrie	地擊斬 07	True		icon_skills.cutting_tex
95800	Common	Common	Valkyrie	地擊斬 08	False		icon_skills.cutting_tex
95830	Common	Common	Valkyrie	地擊斬 08	True		icon_skills.cutting_tex
95900	Common	Common	Valkyrie	地擊斬 09	False		icon_skills.cutting_tex
95930	Common	Common	Valkyrie	地擊斬 09	True		icon_skills.cutting_tex
96000	Common	Common	Valkyrie	地擊斬 10	False		icon_skills.cutting_tex
96030	Common	Common	Valkyrie	地擊斬 10	True		icon_skills.cutting_tex
96100	Common	Common	Valkyrie	地擊斬 11	False		icon_skills.cutting_tex
96130	Common	Common	Valkyrie	地擊斬 11	True		icon_skills.cutting_tex

100100	Common	Common	Valkyrie	月波斬 01	False		icon_skills.split_tex
100120	Common	Common	Valkyrie	月波斬 01	False		icon_skills.split_tex
100130	Common	Common	Valkyrie	月波斬 01	True		icon_skills.split_tex
100199	Common	Common	Valkyrie	月波斬 01	False		icon_skills.split_tex
100200	Common	Common	Valkyrie	月波斬 02	False		icon_skills.split_tex
100220	Common	Common	Valkyrie	月波斬 02	False		icon_skills.split_tex
100230	Common	Common	Valkyrie	月波斬 02	True		icon_skills.split_tex
100299	Common	Common	Valkyrie	月波斬 02	False		icon_skills.split_tex
100300	Common	Common	Valkyrie	月波斬 03	False		icon_skills.split_tex
100320	Common	Common	Valkyrie	月波斬 03	False		icon_skills.split_tex
100330	Common	Common	Valkyrie	月波斬 03	True		icon_skills.split_tex
100399	Common	Common	Valkyrie	月波斬 03	False		icon_skills.split_tex
100400	Common	Common	Valkyrie	月波斬 04	False		icon_skills.split_tex
100420	Common	Common	Valkyrie	月波斬 04	False		icon_skills.split_tex
100430	Common	Common	Valkyrie	月波斬 04	True		icon_skills.split_tex
100499	Common	Common	Valkyrie	月波斬 04	False		icon_skills.split_tex
100500	Common	Common	Valkyrie	月波斬 05	False		icon_skills.split_tex
100520	Common	Common	Valkyrie	月波斬 05	False		icon_skills.split_tex
100530	Common	Common	Valkyrie	月波斬 05	True		icon_skills.split_tex
100599	Common	Common	Valkyrie	月波斬 05	False		icon_skills.split_tex
100600	Common	Common	Valkyrie	月波斬 06	False		icon_skills.split_tex
100620	Common	Common	Valkyrie	月波斬 06	False		icon_skills.split_tex
100630	Common	Common	Valkyrie	月波斬 06	True		icon_skills.split_tex
100699	Common	Common	Valkyrie	月波斬 06	False		icon_skills.split_tex
100700	Common	Common	Valkyrie	月波斬 07	False		icon_skills.split_tex
100720	Common	Common	Valkyrie	月波斬 07	False		icon_skills.split_tex
100730	Common	Common	Valkyrie	月波斬 07	True		icon_skills.split_tex
100799	Common	Common	Valkyrie	月波斬 07	False		icon_skills.split_tex
100800	Common	Common	Valkyrie	月波斬 08	False		icon_skills.split_tex
100820	Common	Common	Valkyrie	月波斬 08	False		icon_skills.split_tex
100830	Common	Common	Valkyrie	月波斬 08	True		icon_skills.split_tex
100899	Common	Common	Valkyrie	月波斬 08	False		icon_skills.split_tex
100900	Common	Common	Valkyrie	月波斬 09	False		icon_skills.split_tex
100920	Common	Common	Valkyrie	月波斬 09	False		icon_skills.split_tex
100930	Common	Common	Valkyrie	月波斬 09	True		icon_skills.split_tex
100999	Common	Common	Valkyrie	月波斬 09	False		icon_skills.split_tex
101000	Common	Common	Valkyrie	月波斬 10	False		icon_skills.split_tex
101020	Common	Common	Valkyrie	月波斬 10	False		icon_skills.split_tex
101030	Common	Common	Valkyrie	月波斬 10	True		icon_skills.split_tex
101099	Common	Common	Valkyrie	月波斬 10	False		icon_skills.split_tex
101100	Common	Common	Valkyrie	月波斬 11	False		icon_skills.split_tex
101120	Common	Common	Valkyrie	月波斬 11	False		icon_skills.split_tex
101130	Common	Common	Valkyrie	月波斬 11	True		icon_skills.split_tex
101199	Common	Common	Valkyrie	月波斬 11	False		icon_skills.split_tex
105100	Common	Common	Valkyrie	月波斬 01	False		icon_skills.split_tex
105120	Common	Common	Valkyrie	月波斬 01	False		icon_skills.split_tex
105130	Common	Common	Valkyrie	月波斬 01	True		icon_skills.split_tex
105200	Common	Common	Valkyrie	月波斬 02	False		icon_skills.split_tex
105220	Common	Common	Valkyrie	月波斬 02	False		icon_skills.split_tex
105230	Common	Common	Valkyrie	月波斬 02	True		icon_skills.split_tex
105300	Common	Common	Valkyrie	月波斬 03	False		icon_skills.split_tex
105320	Common	Common	Valkyrie	月波斬 03	False		icon_skills.split_tex
105330	Common	Common	Valkyrie	月波斬 03	True		icon_skills.split_tex
105400	Common	Common	Valkyrie	月波斬 04	False		icon_skills.split_tex
105420	Common	Common	Valkyrie	月波斬 04	False		icon_skills.split_tex
105430	Common	Common	Valkyrie	月波斬 04	True		icon_skills.split_tex
105500	Common	Common	Valkyrie	月波斬 05	False		icon_skills.split_tex
105520	Common	Common	Valkyrie	月波斬 05	False		icon_skills.split_tex
105530	Common	Common	Valkyrie	月波斬 05	True		icon_skills.split_tex
105600	Common	Common	Valkyrie	月波斬 06	False		icon_skills.split_tex
105620	Common	Common	Valkyrie	月波斬 06	False		icon_skills.split_tex
105630	Common	Common	Valkyrie	月波斬 06	True		icon_skills.split_tex
105700	Common	Common	Valkyrie	月波斬 07	False		icon_skills.split_tex
105720	Common	Common	Valkyrie	月波斬 07	False		icon_skills.split_tex
105730	Common	Common	Valkyrie	月波斬 07	True		icon_skills.split_tex
105800	Common	Common	Valkyrie	月波斬 08	False		icon_skills.split_tex
105820	Common	Common	Valkyrie	月波斬 08	False		icon_skills.split_tex
105830	Common	Common	Valkyrie	月波斬 08	True		icon_skills.split_tex
105900	Common	Common	Valkyrie	月波斬 09	False		icon_skills.split_tex
105920	Common	Common	Valkyrie	月波斬 09	False		icon_skills.split_tex
105930	Common	Common	Valkyrie	月波斬 09	True		icon_skills.split_tex
106000	Common	Common	Valkyrie	月波斬 10	False		icon_skills.split_tex
106020	Common	Common	Valkyrie	月波斬 10	False		icon_skills.split_tex
106030	Common	Common	Valkyrie	月波斬 10	True		icon_skills.split_tex
106100	Common	Common	Valkyrie	月波斬 11	False		icon_skills.split_tex
106120	Common	Common	Valkyrie	月波斬 11	False		icon_skills.split_tex
106130	Common	Common	Valkyrie	月波斬 11	True		icon_skills.split_tex

110100	Common	Common	Valkyrie	新月 : 月光的共鳴 01	False	hit 1	icon_skills.crescentcut_tex
110101	Common	Common	Valkyrie	新月 : 月光的共鳴 01	False	hit 2	icon_skills.crescentcut_tex
110130	Common	Common	Valkyrie	新月 : 月光的共鳴 01	True	hit 1	icon_skills.crescentcut_tex
110131	Common	Common	Valkyrie	新月 : 月光的共鳴 01	True	hit 2	icon_skills.crescentcut_tex
110199	Common	Common	Valkyrie	新月 : 月光的共鳴 01	False		icon_skills.crescentcut_tex
110200	Common	Common	Valkyrie	新月 : 月光的共鳴 02	False	hit 1	icon_skills.crescentcut_tex
110201	Common	Common	Valkyrie	新月 : 月光的共鳴 02	False	hit 2	icon_skills.crescentcut_tex
110230	Common	Common	Valkyrie	新月 : 月光的共鳴 02	True	hit 1	icon_skills.crescentcut_tex
110231	Common	Common	Valkyrie	新月 : 月光的共鳴 02	True	hit 2	icon_skills.crescentcut_tex
110299	Common	Common	Valkyrie	新月 : 月光的共鳴 02	False		icon_skills.crescentcut_tex
110300	Common	Common	Valkyrie	新月 : 月光的共鳴 03	False	hit 1	icon_skills.crescentcut_tex
110301	Common	Common	Valkyrie	新月 : 月光的共鳴 03	False	hit 2	icon_skills.crescentcut_tex
110330	Common	Common	Valkyrie	新月 : 月光的共鳴 03	True	hit 1	icon_skills.crescentcut_tex
110331	Common	Common	Valkyrie	新月 : 月光的共鳴 03	True	hit 2	icon_skills.crescentcut_tex
110399	Common	Common	Valkyrie	新月 : 月光的共鳴 03	False		icon_skills.crescentcut_tex
110400	Common	Common	Valkyrie	新月 : 月光的共鳴 04	False	hit 1	icon_skills.crescentcut_tex
110401	Common	Common	Valkyrie	新月 : 月光的共鳴 04	False	hit 2	icon_skills.crescentcut_tex
110430	Common	Common	Valkyrie	新月 : 月光的共鳴 04	True	hit 1	icon_skills.crescentcut_tex
110431	Common	Common	Valkyrie	新月 : 月光的共鳴 04	True	hit 2	icon_skills.crescentcut_tex
110499	Common	Common	Valkyrie	新月 : 月光的共鳴 04	False		icon_skills.crescentcut_tex
115100	Common	Common	Valkyrie	新月 : 月光的共鳴 01	False	hit 1	icon_skills.crescentcut_tex
115101	Common	Common	Valkyrie	新月 : 月光的共鳴 01	False	hit 2	icon_skills.crescentcut_tex
115130	Common	Common	Valkyrie	新月 : 月光的共鳴 01	True	hit 1	icon_skills.crescentcut_tex
115131	Common	Common	Valkyrie	新月 : 月光的共鳴 01	True	hit 2	icon_skills.crescentcut_tex
115200	Common	Common	Valkyrie	新月 : 月光的共鳴 02	False	hit 1	icon_skills.crescentcut_tex
115201	Common	Common	Valkyrie	新月 : 月光的共鳴 02	False	hit 2	icon_skills.crescentcut_tex
115230	Common	Common	Valkyrie	新月 : 月光的共鳴 02	True	hit 1	icon_skills.crescentcut_tex
115231	Common	Common	Valkyrie	新月 : 月光的共鳴 02	True	hit 2	icon_skills.crescentcut_tex
115300	Common	Common	Valkyrie	新月 : 月光的共鳴 03	False	hit 1	icon_skills.crescentcut_tex
115301	Common	Common	Valkyrie	新月 : 月光的共鳴 03	False	hit 2	icon_skills.crescentcut_tex
115330	Common	Common	Valkyrie	新月 : 月光的共鳴 03	True	hit 1	icon_skills.crescentcut_tex
115331	Common	Common	Valkyrie	新月 : 月光的共鳴 03	True	hit 2	icon_skills.crescentcut_tex
115400	Common	Common	Valkyrie	新月 : 月光的共鳴 04	False	hit 1	icon_skills.crescentcut_tex
115401	Common	Common	Valkyrie	新月 : 月光的共鳴 04	False	hit 2	icon_skills.crescentcut_tex
115430	Common	Common	Valkyrie	新月 : 月光的共鳴 04	True	hit 1	icon_skills.crescentcut_tex
115431	Common	Common	Valkyrie	新月 : 月光的共鳴 04	True	hit 2	icon_skills.crescentcut_tex

120100	Common	Common	Valkyrie	赤月 01	False		icon_skills.redmoon_tex
120130	Common	Common	Valkyrie	赤月 01	True		icon_skills.redmoon_tex
120199	Common	Common	Valkyrie	赤月 01	False		icon_skills.redmoon_tex

130100	Common	Common	Valkyrie	破裂斬 01	False		icon_skills.brust_tex
130130	Common	Common	Valkyrie	破裂斬 01	True		icon_skills.brust_tex
130199	Common	Common	Valkyrie	破裂斬 01	False		icon_skills.brust_tex
130200	Common	Common	Valkyrie	破裂斬 02	False		icon_skills.brust_tex
130230	Common	Common	Valkyrie	破裂斬 02	True		icon_skills.brust_tex
130299	Common	Common	Valkyrie	破裂斬 02	False		icon_skills.brust_tex
130300	Common	Common	Valkyrie	破裂斬 03	False		icon_skills.brust_tex
130330	Common	Common	Valkyrie	破裂斬 03	True		icon_skills.brust_tex
130399	Common	Common	Valkyrie	破裂斬 03	False		icon_skills.brust_tex
130400	Common	Common	Valkyrie	破裂斬 04	False		icon_skills.brust_tex
130430	Common	Common	Valkyrie	破裂斬 04	True		icon_skills.brust_tex
130499	Common	Common	Valkyrie	破裂斬 04	False		icon_skills.brust_tex
130500	Common	Common	Valkyrie	破裂斬 05	False		icon_skills.brust_tex
130530	Common	Common	Valkyrie	破裂斬 05	True		icon_skills.brust_tex
130599	Common	Common	Valkyrie	破裂斬 05	False		icon_skills.brust_tex
130600	Common	Common	Valkyrie	破裂斬 06	False		icon_skills.brust_tex
130630	Common	Common	Valkyrie	破裂斬 06	True		icon_skills.brust_tex
130699	Common	Common	Valkyrie	破裂斬 06	False		icon_skills.brust_tex
130700	Common	Common	Valkyrie	破裂斬 07	False		icon_skills.brust_tex
130730	Common	Common	Valkyrie	破裂斬 07	True		icon_skills.brust_tex
130799	Common	Common	Valkyrie	破裂斬 07	False		icon_skills.brust_tex
130800	Common	Common	Valkyrie	破裂斬 08	False		icon_skills.brust_tex
130830	Common	Common	Valkyrie	破裂斬 08	True		icon_skills.brust_tex
130899	Common	Common	Valkyrie	破裂斬 08	False		icon_skills.brust_tex
130900	Common	Common	Valkyrie	破裂斬 09	False		icon_skills.brust_tex
130930	Common	Common	Valkyrie	破裂斬 09	True		icon_skills.brust_tex
130999	Common	Common	Valkyrie	破裂斬 09	False		icon_skills.brust_tex
131000	Common	Common	Valkyrie	破裂斬 10	False		icon_skills.brust_tex
131030	Common	Common	Valkyrie	破裂斬 10	True		icon_skills.brust_tex
131099	Common	Common	Valkyrie	破裂斬 10	False		icon_skills.brust_tex
131100	Common	Common	Valkyrie	破裂斬 11	False		icon_skills.brust_tex
131130	Common	Common	Valkyrie	破裂斬 11	True		icon_skills.brust_tex
131199	Common	Common	Valkyrie	破裂斬 11	False		icon_skills.brust_tex
135100	Common	Common	Valkyrie	破裂斬 01	False		icon_skills.brust_tex
135130	Common	Common	Valkyrie	破裂斬 01	True		icon_skills.brust_tex
135200	Common	Common	Valkyrie	破裂斬 02	False		icon_skills.brust_tex
135230	Common	Common	Valkyrie	破裂斬 02	True		icon_skills.brust_tex
135300	Common	Common	Valkyrie	破裂斬 03	False		icon_skills.brust_tex
135330	Common	Common	Valkyrie	破裂斬 03	True		icon_skills.brust_tex
135400	Common	Common	Valkyrie	破裂斬 04	False		icon_skills.brust_tex
135430	Common	Common	Valkyrie	破裂斬 04	True		icon_skills.brust_tex
135500	Common	Common	Valkyrie	破裂斬 05	False		icon_skills.brust_tex
135530	Common	Common	Valkyrie	破裂斬 05	True		icon_skills.brust_tex
135600	Common	Common	Valkyrie	破裂斬 06	False		icon_skills.brust_tex
135630	Common	Common	Valkyrie	破裂斬 06	True		icon_skills.brust_tex
135700	Common	Common	Valkyrie	破裂斬 07	False		icon_skills.brust_tex
135730	Common	Common	Valkyrie	破裂斬 07	True		icon_skills.brust_tex
135800	Common	Common	Valkyrie	破裂斬 08	False		icon_skills.brust_tex
135830	Common	Common	Valkyrie	破裂斬 08	True		icon_skills.brust_tex
135900	Common	Common	Valkyrie	破裂斬 09	False		icon_skills.brust_tex
135930	Common	Common	Valkyrie	破裂斬 09	True		icon_skills.brust_tex
136000	Common	Common	Valkyrie	破裂斬 10	False		icon_skills.brust_tex
136030	Common	Common	Valkyrie	破裂斬 10	True		icon_skills.brust_tex
136100	Common	Common	Valkyrie	破裂斬 11	False		icon_skills.brust_tex
136130	Common	Common	Valkyrie	破裂斬 11	True		icon_skills.brust_tex

140100	Common	Common	Valkyrie	迴避 01	False		icon_skills.moonshadow_tex
140101	Common	Common	Valkyrie	迴避 01	False	hit 2	icon_skills.moonshadow_tex
140199	Common	Common	Valkyrie	迴避 01	False		icon_skills.moonshadow_tex

150100	Common	Common	Valkyrie	風斬I	False		icon_skills.crossway_tex
150130	Common	Common	Valkyrie	風斬I	True		icon_skills.crossway_tex
150199	Common	Common	Valkyrie	風斬I	False		icon_skills.crossway_tex
150200	Common	Common	Valkyrie	風斬II	False		icon_skills.crossway_tex
150230	Common	Common	Valkyrie	風斬II	True		icon_skills.crossway_tex
150299	Common	Common	Valkyrie	風斬II	False		icon_skills.crossway_tex
150300	Common	Common	Valkyrie	風斬III	False		icon_skills.crossway_tex
150330	Common	Common	Valkyrie	風斬III	True		icon_skills.crossway_tex
150399	Common	Common	Valkyrie	風斬III	False		icon_skills.crossway_tex
150400	Common	Common	Valkyrie	風斬IV	False		icon_skills.crossway_tex
150430	Common	Common	Valkyrie	風斬IV	True		icon_skills.crossway_tex
150499	Common	Common	Valkyrie	風斬IV	False		icon_skills.crossway_tex
150500	Common	Common	Valkyrie	風斬V	False		icon_skills.crossway_tex
150530	Common	Common	Valkyrie	風斬V	True		icon_skills.crossway_tex
150599	Common	Common	Valkyrie	風斬V	False		icon_skills.crossway_tex
150600	Common	Common	Valkyrie	風斬VI	False		icon_skills.crossway_tex
150630	Common	Common	Valkyrie	風斬VI	True		icon_skills.crossway_tex
150699	Common	Common	Valkyrie	風斬VI	False		icon_skills.crossway_tex
150700	Common	Common	Valkyrie	風斬VII	False		icon_skills.crossway_tex
150730	Common	Common	Valkyrie	風斬VII	True		icon_skills.crossway_tex
150799	Common	Common	Valkyrie	風斬VII	False		icon_skills.crossway_tex
150800	Common	Common	Valkyrie	風斬VIII	False		icon_skills.crossway_tex
150830	Common	Common	Valkyrie	風斬VIII	True		icon_skills.crossway_tex
150899	Common	Common	Valkyrie	風斬VIII	False		icon_skills.crossway_tex
150900	Common	Common	Valkyrie	風斬IX	False		icon_skills.crossway_tex
150930	Common	Common	Valkyrie	風斬IX	True		icon_skills.crossway_tex
150999	Common	Common	Valkyrie	風斬IX	False		icon_skills.crossway_tex
151000	Common	Common	Valkyrie	風斬X	False		icon_skills.crossway_tex
151030	Common	Common	Valkyrie	風斬X	True		icon_skills.crossway_tex
151099	Common	Common	Valkyrie	風斬X	False		icon_skills.crossway_tex
151100	Common	Common	Valkyrie	風斬XI	False		icon_skills.crossway_tex
151130	Common	Common	Valkyrie	風斬XI	True		icon_skills.crossway_tex
151199	Common	Common	Valkyrie	風斬XI	False		icon_skills.crossway_tex
155100	Common	Common	Valkyrie	風斬I	False		icon_skills.crossway_tex
155130	Common	Common	Valkyrie	風斬I	True		icon_skills.crossway_tex
155200	Common	Common	Valkyrie	風斬II	False		icon_skills.crossway_tex
155230	Common	Common	Valkyrie	風斬II	True		icon_skills.crossway_tex
155300	Common	Common	Valkyrie	風斬III	False		icon_skills.crossway_tex
155330	Common	Common	Valkyrie	風斬III	True		icon_skills.crossway_tex
155400	Common	Common	Valkyrie	風斬IV	False		icon_skills.crossway_tex
155430	Common	Common	Valkyrie	風斬IV	True		icon_skills.crossway_tex
155500	Common	Common	Valkyrie	風斬V	False		icon_skills.crossway_tex
155530	Common	Common	Valkyrie	風斬V	True		icon_skills.crossway_tex
155600	Common	Common	Valkyrie	風斬VI	False		icon_skills.crossway_tex
155630	Common	Common	Valkyrie	風斬VI	True		icon_skills.crossway_tex
155700	Common	Common	Valkyrie	風斬VII	False		icon_skills.crossway_tex
155730	Common	Common	Valkyrie	風斬VII	True		icon_skills.crossway_tex
155800	Common	Common	Valkyrie	風斬VIII	False		icon_skills.crossway_tex
155830	Common	Common	Valkyrie	風斬VIII	True		icon_skills.crossway_tex
155900	Common	Common	Valkyrie	風斬IX	False		icon_skills.crossway_tex
155930	Common	Common	Valkyrie	風斬IX	True		icon_skills.crossway_tex
156000	Common	Common	Valkyrie	風斬X	False		icon_skills.crossway_tex
156030	Common	Common	Valkyrie	風斬X	True		icon_skills.crossway_tex
156100	Common	Common	Valkyrie	風斬XI	False		icon_skills.crossway_tex
156130	Common	Common	Valkyrie	風斬XI	True		icon_skills.crossway_tex

160100	Common	Common	Valkyrie	月光的共鳴 01	False		icon_skills.moonlightdash_tex
160120	Common	Common	Valkyrie	月光的共鳴 01	False		icon_skills.moonlightdash_tex
160130	Common	Common	Valkyrie	月光的共鳴 01	True		icon_skills.moonlightdash_tex
160199	Common	Common	Valkyrie	月光的共鳴 01	False		icon_skills.moonlightdash_tex
160200	Common	Common	Valkyrie	月光的共鳴 02	False		icon_skills.moonlightdash_tex
160220	Common	Common	Valkyrie	月光的共鳴 02	False		icon_skills.moonlightdash_tex
160230	Common	Common	Valkyrie	月光的共鳴 02	True		icon_skills.moonlightdash_tex
160299	Common	Common	Valkyrie	月光的共鳴 02	False		icon_skills.moonlightdash_tex
160300	Common	Common	Valkyrie	月光的共鳴 03	False		icon_skills.moonlightdash_tex
160320	Common	Common	Valkyrie	月光的共鳴 03	False		icon_skills.moonlightdash_tex
160330	Common	Common	Valkyrie	月光的共鳴 03	True		icon_skills.moonlightdash_tex
160399	Common	Common	Valkyrie	月光的共鳴 03	False		icon_skills.moonlightdash_tex
160400	Common	Common	Valkyrie	月光的共鳴 04	False		icon_skills.moonlightdash_tex
160420	Common	Common	Valkyrie	月光的共鳴 04	False		icon_skills.moonlightdash_tex
160430	Common	Common	Valkyrie	月光的共鳴 04	True		icon_skills.moonlightdash_tex
160499	Common	Common	Valkyrie	月光的共鳴 04	False		icon_skills.moonlightdash_tex
160500	Common	Common	Valkyrie	月光的共鳴 05	False		icon_skills.moonlightdash_tex
160520	Common	Common	Valkyrie	月光的共鳴 05	False		icon_skills.moonlightdash_tex
160530	Common	Common	Valkyrie	月光的共鳴 05	True		icon_skills.moonlightdash_tex
160599	Common	Common	Valkyrie	月光的共鳴 05	False		icon_skills.moonlightdash_tex
160600	Common	Common	Valkyrie	月光的共鳴 06	False		icon_skills.moonlightdash_tex
160620	Common	Common	Valkyrie	月光的共鳴 06	False		icon_skills.moonlightdash_tex
160630	Common	Common	Valkyrie	月光的共鳴 06	True		icon_skills.moonlightdash_tex
160699	Common	Common	Valkyrie	月光的共鳴 06	False		icon_skills.moonlightdash_tex
160700	Common	Common	Valkyrie	月光的共鳴 07	False		icon_skills.moonlightdash_tex
160720	Common	Common	Valkyrie	月光的共鳴 07	False		icon_skills.moonlightdash_tex
160730	Common	Common	Valkyrie	月光的共鳴 07	True		icon_skills.moonlightdash_tex
160799	Common	Common	Valkyrie	月光的共鳴 07	False		icon_skills.moonlightdash_tex
160800	Common	Common	Valkyrie	月光的共鳴 08	False		icon_skills.moonlightdash_tex
160820	Common	Common	Valkyrie	月光的共鳴 08	False		icon_skills.moonlightdash_tex
160830	Common	Common	Valkyrie	月光的共鳴 08	True		icon_skills.moonlightdash_tex
160899	Common	Common	Valkyrie	月光的共鳴 08	False		icon_skills.moonlightdash_tex
160900	Common	Common	Valkyrie	月光的共鳴 09	False		icon_skills.moonlightdash_tex
160920	Common	Common	Valkyrie	月光的共鳴 09	False		icon_skills.moonlightdash_tex
160930	Common	Common	Valkyrie	月光的共鳴 09	True		icon_skills.moonlightdash_tex
160999	Common	Common	Valkyrie	月光的共鳴 09	False		icon_skills.moonlightdash_tex
161000	Common	Common	Valkyrie	月光的共鳴 10	False		icon_skills.moonlightdash_tex
161020	Common	Common	Valkyrie	月光的共鳴 10	False		icon_skills.moonlightdash_tex
161030	Common	Common	Valkyrie	月光的共鳴 10	True		icon_skills.moonlightdash_tex
161099	Common	Common	Valkyrie	月光的共鳴 10	False		icon_skills.moonlightdash_tex
161100	Common	Common	Valkyrie	月光的共鳴 11	False		icon_skills.moonlightdash_tex
161120	Common	Common	Valkyrie	月光的共鳴 11	False		icon_skills.moonlightdash_tex
161130	Common	Common	Valkyrie	月光的共鳴 11	True		icon_skills.moonlightdash_tex
161199	Common	Common	Valkyrie	月光的共鳴 11	False		icon_skills.moonlightdash_tex
161200	Common	Common	Valkyrie	月光的共鳴 12	False		icon_skills.moonlightdash_tex
161220	Common	Common	Valkyrie	月光的共鳴 12	False		icon_skills.moonlightdash_tex
161230	Common	Common	Valkyrie	月光的共鳴 12	True		icon_skills.moonlightdash_tex
161299	Common	Common	Valkyrie	月光的共鳴 12	False		icon_skills.moonlightdash_tex
165100	Common	Common	Valkyrie	月光的共鳴 01	False		icon_skills.moonlightdash_tex
165120	Common	Common	Valkyrie	月光的共鳴 01	False		icon_skills.moonlightdash_tex
165130	Common	Common	Valkyrie	月光的共鳴 01	True		icon_skills.moonlightdash_tex
165200	Common	Common	Valkyrie	月光的共鳴 02	False		icon_skills.moonlightdash_tex
165220	Common	Common	Valkyrie	月光的共鳴 02	False		icon_skills.moonlightdash_tex
165230	Common	Common	Valkyrie	月光的共鳴 02	True		icon_skills.moonlightdash_tex
165300	Common	Common	Valkyrie	月光的共鳴 03	False		icon_skills.moonlightdash_tex
165320	Common	Common	Valkyrie	月光的共鳴 03	False		icon_skills.moonlightdash_tex
165330	Common	Common	Valkyrie	月光的共鳴 03	True		icon_skills.moonlightdash_tex
165400	Common	Common	Valkyrie	月光的共鳴 04	False		icon_skills.moonlightdash_tex
165420	Common	Common	Valkyrie	月光的共鳴 04	False		icon_skills.moonlightdash_tex
165430	Common	Common	Valkyrie	月光的共鳴 04	True		icon_skills.moonlightdash_tex
165500	Common	Common	Valkyrie	月光的共鳴 05	False		icon_skills.moonlightdash_tex
165520	Common	Common	Valkyrie	月光的共鳴 05	False		icon_skills.moonlightdash_tex
165530	Common	Common	Valkyrie	月光的共鳴 05	True		icon_skills.moonlightdash_tex
165600	Common	Common	Valkyrie	月光的共鳴 06	False		icon_skills.moonlightdash_tex
165620	Common	Common	Valkyrie	月光的共鳴 06	False		icon_skills.moonlightdash_tex
165630	Common	Common	Valkyrie	月光的共鳴 06	True		icon_skills.moonlightdash_tex
165700	Common	Common	Valkyrie	月光的共鳴 07	False		icon_skills.moonlightdash_tex
165720	Common	Common	Valkyrie	月光的共鳴 07	False		icon_skills.moonlightdash_tex
165730	Common	Common	Valkyrie	月光的共鳴 07	True		icon_skills.moonlightdash_tex
165800	Common	Common	Valkyrie	月光的共鳴 08	False		icon_skills.moonlightdash_tex
165820	Common	Common	Valkyrie	月光的共鳴 08	False		icon_skills.moonlightdash_tex
165830	Common	Common	Valkyrie	月光的共鳴 08	True		icon_skills.moonlightdash_tex
165900	Common	Common	Valkyrie	月光的共鳴 09	False		icon_skills.moonlightdash_tex
165920	Common	Common	Valkyrie	月光的共鳴 09	False		icon_skills.moonlightdash_tex
165930	Common	Common	Valkyrie	月光的共鳴 09	True		icon_skills.moonlightdash_tex
166000	Common	Common	Valkyrie	月光的共鳴 10	False		icon_skills.moonlightdash_tex
166020	Common	Common	Valkyrie	月光的共鳴 10	False		icon_skills.moonlightdash_tex
166030	Common	Common	Valkyrie	月光的共鳴 10	True		icon_skills.moonlightdash_tex
166100	Common	Common	Valkyrie	月光的共鳴 11	False		icon_skills.moonlightdash_tex
166120	Common	Common	Valkyrie	月光的共鳴 11	False		icon_skills.moonlightdash_tex
166130	Common	Common	Valkyrie	月光的共鳴 11	True		icon_skills.moonlightdash_tex
166200	Common	Common	Valkyrie	月光的共鳴 12	False		icon_skills.moonlightdash_tex
166220	Common	Common	Valkyrie	月光的共鳴 12	False		icon_skills.moonlightdash_tex
166230	Common	Common	Valkyrie	月光的共鳴 12	True		icon_skills.moonlightdash_tex

170100	Common	Common	Valkyrie	月光的庇護 01	False		icon_skills.moongracebuff_tex
170199	Common	Common	Valkyrie	月光的庇護 01	False		icon_skills.moongracebuff_tex

180100	Common	Common	Valkyrie	起身攻擊 01	False		icon_skills.risingattack_tex
180199	Common	Common	Valkyrie	起身攻擊 01	False		icon_skills.risingattack_tex
180200	Common	Common	Valkyrie	起身攻擊 02	False		icon_skills.risingattack_tex
180299	Common	Common	Valkyrie	起身攻擊 02	False		icon_skills.risingattack_tex
180300	Common	Common	Valkyrie	起身攻擊 03	False		icon_skills.risingattack_tex
180399	Common	Common	Valkyrie	起身攻擊 03	False		icon_skills.risingattack_tex
180400	Common	Common	Valkyrie	起身攻擊 04	False		icon_skills.risingattack_tex
180499	Common	Common	Valkyrie	起身攻擊 04	False		icon_skills.risingattack_tex
180500	Common	Common	Valkyrie	起身攻擊 05	False		icon_skills.risingattack_tex
180599	Common	Common	Valkyrie	起身攻擊 05	False		icon_skills.risingattack_tex
180600	Common	Common	Valkyrie	起身攻擊 06	False		icon_skills.risingattack_tex
180699	Common	Common	Valkyrie	起身攻擊 06	False		icon_skills.risingattack_tex
180700	Common	Common	Valkyrie	起身攻擊 07	False		icon_skills.risingattack_tex
180799	Common	Common	Valkyrie	起身攻擊 07	False		icon_skills.risingattack_tex
180800	Common	Common	Valkyrie	起身攻擊 08	False		icon_skills.risingattack_tex
180899	Common	Common	Valkyrie	起身攻擊 08	False		icon_skills.risingattack_tex
180900	Common	Common	Valkyrie	起身攻擊 09	False		icon_skills.risingattack_tex
180999	Common	Common	Valkyrie	起身攻擊 09	False		icon_skills.risingattack_tex
181000	Common	Common	Valkyrie	起身攻擊 10	False		icon_skills.risingattack_tex
181099	Common	Common	Valkyrie	起身攻擊 10	False		icon_skills.risingattack_tex
185100	Common	Common	Valkyrie	起身攻擊 01	False		icon_skills.risingattack_tex
185200	Common	Common	Valkyrie	起身攻擊 02	False		icon_skills.risingattack_tex
185300	Common	Common	Valkyrie	起身攻擊 03	False		icon_skills.risingattack_tex
185400	Common	Common	Valkyrie	起身攻擊 04	False		icon_skills.risingattack_tex
185500	Common	Common	Valkyrie	起身攻擊 05	False		icon_skills.risingattack_tex
185600	Common	Common	Valkyrie	起身攻擊 06	False		icon_skills.risingattack_tex
185700	Common	Common	Valkyrie	起身攻擊 07	False		icon_skills.risingattack_tex
185800	Common	Common	Valkyrie	起身攻擊 08	False		icon_skills.risingattack_tex
185900	Common	Common	Valkyrie	起身攻擊 09	False		icon_skills.risingattack_tex
186000	Common	Common	Valkyrie	起身攻擊 10	False		icon_skills.risingattack_tex

190100	Common	Common	Valkyrie	辰月鳴 01	False		icon_skills.moonlight_tex
190130	Common	Common	Valkyrie	辰月鳴 01	True		icon_skills.moonlight_tex
190199	Common	Common	Valkyrie	辰月鳴 01	False		icon_skills.moonlight_tex

200100	Common	Common	Valkyrie	月光煉 01	False		icon_skills.mooncatch_tex
200199	Common	Common	Valkyrie	月光煉 01	False		icon_skills.mooncatch_tex
200200	Common	Common	Valkyrie	月光煉 02	False		icon_skills.mooncatch_tex
200299	Common	Common	Valkyrie	月光煉 02	False		icon_skills.mooncatch_tex
200300	Common	Common	Valkyrie	月光煉 03	False		icon_skills.mooncatch_tex
200399	Common	Common	Valkyrie	月光煉 03	False		icon_skills.mooncatch_tex
200400	Common	Common	Valkyrie	月光煉 04	False		icon_skills.mooncatch_tex
200499	Common	Common	Valkyrie	月光煉 04	False		icon_skills.mooncatch_tex
200500	Common	Common	Valkyrie	月光煉 05	False		icon_skills.mooncatch_tex
200599	Common	Common	Valkyrie	月光煉 05	False		icon_skills.mooncatch_tex
200600	Common	Common	Valkyrie	月光煉 06	False		icon_skills.mooncatch_tex
200699	Common	Common	Valkyrie	月光煉 06	False		icon_skills.mooncatch_tex
200700	Common	Common	Valkyrie	月光煉 07	False		icon_skills.mooncatch_tex
200799	Common	Common	Valkyrie	月光煉 07	False		icon_skills.mooncatch_tex
200800	Common	Common	Valkyrie	月光煉 08	False		icon_skills.mooncatch_tex
200899	Common	Common	Valkyrie	月光煉 08	False		icon_skills.mooncatch_tex
205100	Common	Common	Valkyrie	月光煉 01	False		icon_skills.mooncatch_tex
205200	Common	Common	Valkyrie	月光煉 02	False		icon_skills.mooncatch_tex
205300	Common	Common	Valkyrie	月光煉 03	False		icon_skills.mooncatch_tex
205400	Common	Common	Valkyrie	月光煉 04	False		icon_skills.mooncatch_tex
205500	Common	Common	Valkyrie	月光煉 05	False		icon_skills.mooncatch_tex
205600	Common	Common	Valkyrie	月光煉 06	False		icon_skills.mooncatch_tex
205700	Common	Common	Valkyrie	月光煉 07	False		icon_skills.mooncatch_tex
205800	Common	Common	Valkyrie	月光煉 08	False		icon_skills.mooncatch_tex

210100	Common	Common	Valkyrie	月光的引力 01	False		icon_skills.moongravity_tex
210120	Common	Common	Valkyrie	月光的引力 01	False		icon_skills.moongravity_tex
210199	Common	Common	Valkyrie	月光的引力 01	False		icon_skills.moongravity_tex
215100	Common	Common	Valkyrie	月光的引力 01	False		icon_skills.moongravity_tex
215120	Common	Common	Valkyrie	月光的引力 01	False		icon_skills.moongravity_tex

230100	Common	Common	Valkyrie	半月斬	False		icon_skills.halfmoon_tex
230101	Common	Common	Valkyrie	半月斬	True		icon_skills.halfmoon_tex
230102	Common	Common	Valkyrie	半月斬	False		icon_skills.halfmoon_tex
230109	Common	Common	Valkyrie	半月斬	False		icon_skills.halfmoon_tex
230199	Common	Common	Valkyrie	半月斬	False		icon_skills.halfmoon_tex
235100	Common	Common	Valkyrie	半月斬	False		icon_skills.halfmoon_tex
235101	Common	Common	Valkyrie	半月斬	True		icon_skills.halfmoon_tex
235102	Common	Common	Valkyrie	半月斬	False		icon_skills.halfmoon_tex
235109	Common	Common	Valkyrie	半月斬	False		icon_skills.halfmoon_tex

240100	Common	Common	Valkyrie	狂暴槍術	False		icon_skills.rageslash_tex
240101	Common	Common	Valkyrie	狂暴槍術	True		icon_skills.rageslash_tex
240102	Common	Common	Valkyrie	狂暴槍術	True		icon_skills.rageslash_tex
240103	Common	Common	Valkyrie	狂暴槍術	False		icon_skills.rageslash_tex
240104	Common	Common	Valkyrie	狂暴槍術	False		icon_skills.rageslash_tex
240109	Common	Common	Valkyrie	狂暴槍術	False		icon_skills.rageslash_tex
240199	Common	Common	Valkyrie	狂暴槍術	False		icon_skills.rageslash_tex
245100	Common	Common	Valkyrie	狂暴槍術	False		icon_skills.rageslash_tex
245101	Common	Common	Valkyrie	狂暴槍術	True		icon_skills.rageslash_tex
245102	Common	Common	Valkyrie	狂暴槍術	True		icon_skills.rageslash_tex
245103	Common	Common	Valkyrie	狂暴槍術	False		icon_skills.rageslash_tex
245104	Common	Common	Valkyrie	狂暴槍術	False		icon_skills.rageslash_tex
245109	Common	Common	Valkyrie	狂暴槍術	False		icon_skills.rageslash_tex

250100	Common	Common	Valkyrie	開戰	False		icon_skills.warbegin_tex
250101	Common	Common	Valkyrie	開戰	True		icon_skills.warbegin_tex
250102	Common	Common	Valkyrie	開戰	False		icon_skills.warbegin_tex
250103	Common	Common	Valkyrie	開戰	False		icon_skills.warbegin_tex
250109	Common	Common	Valkyrie	開戰	False		icon_skills.warbegin_tex
250131	Common	Common	Valkyrie	開戰	True		icon_skills.warbegin_tex
250132	Common	Common	Valkyrie	開戰	False		icon_skills.warbegin_tex
250199	Common	Common	Valkyrie	開戰	False		icon_skills.warbegin_tex
