10100	Common	Common	Priest	懲罰之光 01	False	hit 1	icon_skills.magicshot_tex
10101	Common	Common	Priest	懲罰之光 01	False	hit 2	icon_skills.magicshot_tex
10102	Common	Common	Priest	懲罰之光 01	False	hit 3	icon_skills.magicshot_tex
10103	Common	Common	Priest	懲罰之光 01	False	hit 4	icon_skills.magicshot_tex
10120	Common	Common	Priest	懲罰之光 01	False	hit 1	icon_skills.magicshot_tex
10121	Common	Common	Priest	懲罰之光 01	False	hit 2	icon_skills.magicshot_tex
10122	Common	Common	Priest	懲罰之光 01	False	hit 3	icon_skills.magicshot_tex
10123	Common	Common	Priest	懲罰之光 01	False	hit 4	icon_skills.magicshot_tex
10200	Common	Common	Priest	懲罰之光 02	False	hit 1	icon_skills.magicshot_tex
10201	Common	Common	Priest	懲罰之光 02	False	hit 2	icon_skills.magicshot_tex
10202	Common	Common	Priest	懲罰之光 02	False	hit 3	icon_skills.magicshot_tex
10203	Common	Common	Priest	懲罰之光 02	False	hit 4	icon_skills.magicshot_tex
10220	Common	Common	Priest	懲罰之光 02	False	hit 1	icon_skills.magicshot_tex
10221	Common	Common	Priest	懲罰之光 02	False	hit 2	icon_skills.magicshot_tex
10222	Common	Common	Priest	懲罰之光 02	False	hit 3	icon_skills.magicshot_tex
10223	Common	Common	Priest	懲罰之光 02	False	hit 4	icon_skills.magicshot_tex
10300	Common	Common	Priest	懲罰之光 03	False	hit 1	icon_skills.magicshot_tex
10301	Common	Common	Priest	懲罰之光 03	False	hit 2	icon_skills.magicshot_tex
10302	Common	Common	Priest	懲罰之光 03	False	hit 3	icon_skills.magicshot_tex
10303	Common	Common	Priest	懲罰之光 03	False	hit 4	icon_skills.magicshot_tex
10320	Common	Common	Priest	懲罰之光 03	False	hit 1	icon_skills.magicshot_tex
10321	Common	Common	Priest	懲罰之光 03	False	hit 2	icon_skills.magicshot_tex
10322	Common	Common	Priest	懲罰之光 03	False	hit 3	icon_skills.magicshot_tex
10323	Common	Common	Priest	懲罰之光 03	False	hit 4	icon_skills.magicshot_tex
10400	Common	Common	Priest	懲罰之光 04	False	hit 1	icon_skills.magicshot_tex
10401	Common	Common	Priest	懲罰之光 04	False	hit 2	icon_skills.magicshot_tex
10402	Common	Common	Priest	懲罰之光 04	False	hit 3	icon_skills.magicshot_tex
10403	Common	Common	Priest	懲罰之光 04	False	hit 4	icon_skills.magicshot_tex
10420	Common	Common	Priest	懲罰之光 04	False	hit 1	icon_skills.magicshot_tex
10421	Common	Common	Priest	懲罰之光 04	False	hit 2	icon_skills.magicshot_tex
10422	Common	Common	Priest	懲罰之光 04	False	hit 3	icon_skills.magicshot_tex
10423	Common	Common	Priest	懲罰之光 04	False	hit 4	icon_skills.magicshot_tex
10500	Common	Common	Priest	懲罰之光 05	False	hit 1	icon_skills.magicshot_tex
10501	Common	Common	Priest	懲罰之光 05	False	hit 2	icon_skills.magicshot_tex
10502	Common	Common	Priest	懲罰之光 05	False	hit 3	icon_skills.magicshot_tex
10503	Common	Common	Priest	懲罰之光 05	False	hit 4	icon_skills.magicshot_tex
10520	Common	Common	Priest	懲罰之光 05	False	hit 1	icon_skills.magicshot_tex
10521	Common	Common	Priest	懲罰之光 05	False	hit 2	icon_skills.magicshot_tex
10522	Common	Common	Priest	懲罰之光 05	False	hit 3	icon_skills.magicshot_tex
10523	Common	Common	Priest	懲罰之光 05	False	hit 4	icon_skills.magicshot_tex
10600	Common	Common	Priest	懲罰之光 06	False	hit 1	icon_skills.magicshot_tex
10601	Common	Common	Priest	懲罰之光 06	False	hit 2	icon_skills.magicshot_tex
10602	Common	Common	Priest	懲罰之光 06	False	hit 3	icon_skills.magicshot_tex
10603	Common	Common	Priest	懲罰之光 06	False	hit 4	icon_skills.magicshot_tex
10620	Common	Common	Priest	懲罰之光 06	False	hit 1	icon_skills.magicshot_tex
10621	Common	Common	Priest	懲罰之光 06	False	hit 2	icon_skills.magicshot_tex
10622	Common	Common	Priest	懲罰之光 06	False	hit 3	icon_skills.magicshot_tex
10623	Common	Common	Priest	懲罰之光 06	False	hit 4	icon_skills.magicshot_tex
10700	Common	Common	Priest	懲罰之光 07	False	hit 1	icon_skills.magicshot_tex
10701	Common	Common	Priest	懲罰之光 07	False	hit 2	icon_skills.magicshot_tex
10702	Common	Common	Priest	懲罰之光 07	False	hit 3	icon_skills.magicshot_tex
10703	Common	Common	Priest	懲罰之光 07	False	hit 4	icon_skills.magicshot_tex
10720	Common	Common	Priest	懲罰之光 07	False	hit 1	icon_skills.magicshot_tex
10721	Common	Common	Priest	懲罰之光 07	False	hit 2	icon_skills.magicshot_tex
10722	Common	Common	Priest	懲罰之光 07	False	hit 3	icon_skills.magicshot_tex
10723	Common	Common	Priest	懲罰之光 07	False	hit 4	icon_skills.magicshot_tex
10800	Common	Common	Priest	懲罰之光 08	False	hit 1	icon_skills.magicshot_tex
10801	Common	Common	Priest	懲罰之光 08	False	hit 2	icon_skills.magicshot_tex
10802	Common	Common	Priest	懲罰之光 08	False	hit 3	icon_skills.magicshot_tex
10803	Common	Common	Priest	懲罰之光 08	False	hit 4	icon_skills.magicshot_tex
10820	Common	Common	Priest	懲罰之光 08	False	hit 1	icon_skills.magicshot_tex
10821	Common	Common	Priest	懲罰之光 08	False	hit 2	icon_skills.magicshot_tex
10822	Common	Common	Priest	懲罰之光 08	False	hit 3	icon_skills.magicshot_tex
10823	Common	Common	Priest	懲罰之光 08	False	hit 4	icon_skills.magicshot_tex
10900	Common	Common	Priest	懲罰之光 09	False	hit 1	icon_skills.magicshot_tex
10901	Common	Common	Priest	懲罰之光 09	False	hit 2	icon_skills.magicshot_tex
10902	Common	Common	Priest	懲罰之光 09	False	hit 3	icon_skills.magicshot_tex
10903	Common	Common	Priest	懲罰之光 09	False	hit 4	icon_skills.magicshot_tex
10920	Common	Common	Priest	懲罰之光 09	False	hit 1	icon_skills.magicshot_tex
10921	Common	Common	Priest	懲罰之光 09	False	hit 2	icon_skills.magicshot_tex
10922	Common	Common	Priest	懲罰之光 09	False	hit 3	icon_skills.magicshot_tex
10923	Common	Common	Priest	懲罰之光 09	False	hit 4	icon_skills.magicshot_tex
11000	Common	Common	Priest	懲罰之光 10	False	hit 1	icon_skills.magicshot_tex
11001	Common	Common	Priest	懲罰之光 10	False	hit 2	icon_skills.magicshot_tex
11002	Common	Common	Priest	懲罰之光 10	False	hit 3	icon_skills.magicshot_tex
11003	Common	Common	Priest	懲罰之光 10	False	hit 4	icon_skills.magicshot_tex
11020	Common	Common	Priest	懲罰之光 10	False	hit 1	icon_skills.magicshot_tex
11021	Common	Common	Priest	懲罰之光 10	False	hit 2	icon_skills.magicshot_tex
11022	Common	Common	Priest	懲罰之光 10	False	hit 3	icon_skills.magicshot_tex
11023	Common	Common	Priest	懲罰之光 10	False	hit 4	icon_skills.magicshot_tex
11100	Common	Common	Priest	懲罰之光 11	False	hit 1	icon_skills.magicshot_tex
11101	Common	Common	Priest	懲罰之光 11	False	hit 2	icon_skills.magicshot_tex
11102	Common	Common	Priest	懲罰之光 11	False	hit 3	icon_skills.magicshot_tex
11103	Common	Common	Priest	懲罰之光 11	False	hit 4	icon_skills.magicshot_tex
11120	Common	Common	Priest	懲罰之光 11	False	hit 1	icon_skills.magicshot_tex
11121	Common	Common	Priest	懲罰之光 11	False	hit 2	icon_skills.magicshot_tex
11122	Common	Common	Priest	懲罰之光 11	False	hit 3	icon_skills.magicshot_tex
11123	Common	Common	Priest	懲罰之光 11	False	hit 4	icon_skills.magicshot_tex
11200	Common	Common	Priest	懲罰之光 12	False	hit 1	icon_skills.magicshot_tex
11201	Common	Common	Priest	懲罰之光 12	False	hit 2	icon_skills.magicshot_tex
11202	Common	Common	Priest	懲罰之光 12	False	hit 3	icon_skills.magicshot_tex
11203	Common	Common	Priest	懲罰之光 12	False	hit 4	icon_skills.magicshot_tex
11220	Common	Common	Priest	懲罰之光 12	False	hit 1	icon_skills.magicshot_tex
11221	Common	Common	Priest	懲罰之光 12	False	hit 2	icon_skills.magicshot_tex
11222	Common	Common	Priest	懲罰之光 12	False	hit 3	icon_skills.magicshot_tex
11223	Common	Common	Priest	懲罰之光 12	False	hit 4	icon_skills.magicshot_tex

20100	Common	Common	Priest	再生之風 01	False		icon_skills.healingwind_tex
20200	Common	Common	Priest	再生之風 02	False		icon_skills.healingwind_tex
20300	Common	Common	Priest	再生之風 03	False		icon_skills.healingwind_tex
20400	Common	Common	Priest	再生之風 04	False		icon_skills.healingwind_tex
20500	Common	Common	Priest	再生之風 05	False		icon_skills.healingwind_tex
20600	Common	Common	Priest	再生之風 06	False		icon_skills.healingwind_tex
20700	Common	Common	Priest	再生之風 07	False		icon_skills.healingwind_tex
20800	Common	Common	Priest	再生之風 08	False		icon_skills.healingwind_tex
20900	Common	Common	Priest	再生之風 09	False		icon_skills.healingwind_tex

30100	Common	Common	Priest	治癒之風 01	False		icon_skills.healarea_tex
30130	Common	Common	Priest	治癒之風 01	True		icon_skills.healarea_tex
30200	Common	Common	Priest	治癒之風 02	False		icon_skills.healarea_tex
30230	Common	Common	Priest	治癒之風 02	True		icon_skills.healarea_tex
30300	Common	Common	Priest	治癒之風 03	False		icon_skills.healarea_tex
30330	Common	Common	Priest	治癒之風 03	True		icon_skills.healarea_tex
30400	Common	Common	Priest	治癒之風 04	False		icon_skills.healarea_tex
30430	Common	Common	Priest	治癒之風 04	True		icon_skills.healarea_tex
30500	Common	Common	Priest	治癒之風 05	False		icon_skills.healarea_tex
30530	Common	Common	Priest	治癒之風 05	True		icon_skills.healarea_tex
30600	Common	Common	Priest	治癒之風 06	False		icon_skills.healarea_tex
30630	Common	Common	Priest	治癒之風 06	True		icon_skills.healarea_tex
30700	Common	Common	Priest	治癒之風 07	False		icon_skills.healarea_tex
30730	Common	Common	Priest	治癒之風 07	True		icon_skills.healarea_tex

50100	Common	Common	Priest	亞倫的祝福 01	False		icon_skills.attackup_tex
50200	Common	Common	Priest	亞倫的祝福 02	False		icon_skills.attackup_tex
50300	Common	Common	Priest	亞倫的祝福 03	False		icon_skills.attackup_tex

60100	Common	Common	Priest	覺醒 01	False		icon_skills.recovery_tex
60200	Common	Common	Priest	覺醒 02	False		icon_skills.recovery_tex

80100	Common	Common	Priest	魔力恢復 01	False		icon_skills.mpcharge_tex

100100	Common	Common	Priest	淨化之風 01	False		icon_skills.purify_tex

110100	Common	Common	Priest	懲罰帳幕 01	False		icon_skills.punishingshield_tex
110200	Common	Common	Priest	懲罰帳幕 02	False		icon_skills.punishingshield_tex
110300	Common	Common	Priest	懲罰帳幕 03	False		icon_skills.punishingshield_tex
110400	Common	Common	Priest	懲罰帳幕 04	False		icon_skills.punishingshield_tex
110500	Common	Common	Priest	懲罰帳幕 05	False		icon_skills.punishingshield_tex
110600	Common	Common	Priest	懲罰帳幕 06	False		icon_skills.punishingshield_tex
110700	Common	Common	Priest	懲罰帳幕 07	False		icon_skills.punishingshield_tex
110800	Common	Common	Priest	懲罰帳幕 08	False		icon_skills.punishingshield_tex
110900	Common	Common	Priest	懲罰帳幕 09	False		icon_skills.punishingshield_tex
111000	Common	Common	Priest	懲罰帳幕 10	False		icon_skills.punishingshield_tex
111100	Common	Common	Priest	懲罰帳幕 11	False		icon_skills.punishingshield_tex
111101	Common	Common	Priest	懲罰帳幕 11	False		icon_skills.punishingshield_tex
111102	Common	Common	Priest	懲罰帳幕 11	False		icon_skills.punishingshield_tex

120100	Common	Common	Priest	復活 01	False		icon_skills.resurrect_tex

140100	Common	Common	Priest	同伴召喚 01	False		icon_skills.recallfriend_tex

160100	Common	Common	Priest	審判之手 01	False		icon_skills.damagedeal_tex
160130	Common	Common	Priest	審判之手 01	True		icon_skills.damagedeal_tex
160200	Common	Common	Priest	審判之手 02	False		icon_skills.damagedeal_tex
160230	Common	Common	Priest	審判之手 02	True		icon_skills.damagedeal_tex
160300	Common	Common	Priest	審判之手 03	False		icon_skills.damagedeal_tex
160330	Common	Common	Priest	審判之手 03	True		icon_skills.damagedeal_tex
160400	Common	Common	Priest	審判之手 04	False		icon_skills.damagedeal_tex
160430	Common	Common	Priest	審判之手 04	True		icon_skills.damagedeal_tex
160500	Common	Common	Priest	審判之手 05	False		icon_skills.damagedeal_tex
160530	Common	Common	Priest	審判之手 05	True		icon_skills.damagedeal_tex
160600	Common	Common	Priest	審判之手 06	False		icon_skills.damagedeal_tex
160630	Common	Common	Priest	審判之手 06	True		icon_skills.damagedeal_tex
160700	Common	Common	Priest	審判之手 07	False		icon_skills.damagedeal_tex
160730	Common	Common	Priest	審判之手 07	True		icon_skills.damagedeal_tex
160800	Common	Common	Priest	審判之手 08	False		icon_skills.damagedeal_tex
160830	Common	Common	Priest	審判之手 08	True		icon_skills.damagedeal_tex
160900	Common	Common	Priest	審判之手 09	False		icon_skills.damagedeal_tex
160930	Common	Common	Priest	審判之手 09	True		icon_skills.damagedeal_tex
161000	Common	Common	Priest	審判之手 10	False		icon_skills.damagedeal_tex
161030	Common	Common	Priest	審判之手 10	True		icon_skills.damagedeal_tex
161100	Common	Common	Priest	審判之手 11	False		icon_skills.damagedeal_tex
161110	Common	Common	Priest	審判之手 11	False		icon_skills.damagedeal_tex
161111	Common	Common	Priest	審判之手 11	True		icon_skills.damagedeal_tex
161120	Common	Common	Priest	審判之手 11	False		icon_skills.damagedeal_tex
161121	Common	Common	Priest	審判之手 11	True		icon_skills.damagedeal_tex

180100	Common	Common	Priest	治癒祈禱 01	False		icon_skills.healingpray_tex
180200	Common	Common	Priest	治癒祈禱 02	False		icon_skills.healingpray_tex
180300	Common	Common	Priest	治癒祈禱 03	False		icon_skills.healingpray_tex
180400	Common	Common	Priest	治癒祈禱 04	False		icon_skills.healingpray_tex
180500	Common	Common	Priest	治癒祈禱 05	False		icon_skills.healingpray_tex
180600	Common	Common	Priest	治癒祈禱 06	False		icon_skills.healingpray_tex
180700	Common	Common	Priest	治癒祈禱 07	False		icon_skills.healingpray_tex
180800	Common	Common	Priest	治癒祈禱 08	False		icon_skills.healingpray_tex
180900	Common	Common	Priest	治癒祈禱 09	False		icon_skills.healingpray_tex
181000	Common	Common	Priest	治癒祈禱 10	False		icon_skills.healingpray_tex
181100	Common	Common	Priest	治癒祈禱 11	False		icon_skills.healingpray_tex
181200	Common	Common	Priest	治癒祈禱 12	False		icon_skills.healingpray_tex

190100	Common	Common	Priest	治癒之光 01	False		icon_skills.healinglightlockon_tex
190110	Common	Common	Priest	治癒之光 01	False		icon_skills.healinglightlockon_tex
190200	Common	Common	Priest	治癒之光 02	False		icon_skills.healinglightlockon_tex
190210	Common	Common	Priest	治癒之光 02	False		icon_skills.healinglightlockon_tex
190300	Common	Common	Priest	治癒之光 03	False		icon_skills.healinglightlockon_tex
190310	Common	Common	Priest	治癒之光 03	False		icon_skills.healinglightlockon_tex
190400	Common	Common	Priest	治癒之光 04	False		icon_skills.healinglightlockon_tex
190410	Common	Common	Priest	治癒之光 04	False		icon_skills.healinglightlockon_tex
190500	Common	Common	Priest	治癒之光 05	False		icon_skills.healinglightlockon_tex
190510	Common	Common	Priest	治癒之光 05	False		icon_skills.healinglightlockon_tex
190600	Common	Common	Priest	治癒之光 06	False		icon_skills.healinglightlockon_tex
190610	Common	Common	Priest	治癒之光 06	False		icon_skills.healinglightlockon_tex
190700	Common	Common	Priest	治癒之光 07	False		icon_skills.healinglightlockon_tex
190710	Common	Common	Priest	治癒之光 07	False		icon_skills.healinglightlockon_tex
190800	Common	Common	Priest	治癒之光 08	False		icon_skills.healinglightlockon_tex
190810	Common	Common	Priest	治癒之光 08	False		icon_skills.healinglightlockon_tex
190900	Common	Common	Priest	治癒之光 09	False		icon_skills.healinglightlockon_tex
190910	Common	Common	Priest	治癒之光 09	False		icon_skills.healinglightlockon_tex
193000	Common	Common	Priest	治癒之光 09	False		icon_skills.healinglightlockon_tex
193010	Common	Common	Priest	治癒之光 09	False		icon_skills.healinglightlockon_tex
193100	Common	Common	Priest	治癒之光 09	False		icon_skills.healinglightlockon_tex
193110	Common	Common	Priest	治癒之光 09	False		icon_skills.healinglightlockon_tex
193200	Common	Common	Priest	治癒之光 09	False		icon_skills.healinglightlockon_tex
193210	Common	Common	Priest	治癒之光 09	False		icon_skills.healinglightlockon_tex

220100	Common	Common	Priest	守護盔甲 01	False		icon_skills.armorofprotection_tex
220200	Common	Common	Priest	守護盔甲 02	False		icon_skills.armorofprotection_tex
220300	Common	Common	Priest	守護盔甲 03	False		icon_skills.armorofprotection_tex
220400	Common	Common	Priest	守護盔甲 04	False		icon_skills.armorofprotection_tex
220500	Common	Common	Priest	守護盔甲 05	False		icon_skills.armorofprotection_tex

250100	Common	Common	Priest	起身攻擊 01	False		icon_skills.risingattack_tex
250200	Common	Common	Priest	起身攻擊 02	False		icon_skills.risingattack_tex
250300	Common	Common	Priest	起身攻擊 03	False		icon_skills.risingattack_tex
250400	Common	Common	Priest	起身攻擊 04	False		icon_skills.risingattack_tex
250500	Common	Common	Priest	起身攻擊 05	False		icon_skills.risingattack_tex
250600	Common	Common	Priest	起身攻擊 06	False		icon_skills.risingattack_tex
250700	Common	Common	Priest	起身攻擊 07	False		icon_skills.risingattack_tex
250800	Common	Common	Priest	起身攻擊 08	False		icon_skills.risingattack_tex
250900	Common	Common	Priest	起身攻擊 09	False		icon_skills.risingattack_tex
251000	Common	Common	Priest	起身攻擊 10	False		icon_skills.risingattack_tex

260100	Common	Common	Priest	束縛烙印 01	False		icon_skills.sanctuary_tex
260200	Common	Common	Priest	束縛烙印 02	False		icon_skills.sanctuary_tex
260300	Common	Common	Priest	束縛烙印 03	False		icon_skills.sanctuary_tex
260400	Common	Common	Priest	束縛烙印 04	False		icon_skills.sanctuary_tex
260500	Common	Common	Priest	束縛烙印 05	False		icon_skills.sanctuary_tex
260600	Common	Common	Priest	束縛烙印 06	False		icon_skills.sanctuary_tex
260700	Common	Common	Priest	束縛烙印 07	False		icon_skills.sanctuary_tex
260800	Common	Common	Priest	束縛烙印 08	False		icon_skills.sanctuary_tex
260900	Common	Common	Priest	束縛烙印 09	False		icon_skills.sanctuary_tex
261000	Common	Common	Priest	束縛烙印 10	False		icon_skills.sanctuary_tex

270100	Common	Common	Priest	懲罰之手 01	False		icon_skills.punishingtouch_tex
270130	Common	Common	Priest	懲罰之手 01	True		icon_skills.punishingtouch_tex
270200	Common	Common	Priest	懲罰之手 02	False		icon_skills.punishingtouch_tex
270230	Common	Common	Priest	懲罰之手 02	True		icon_skills.punishingtouch_tex
270300	Common	Common	Priest	懲罰之手 03	False		icon_skills.punishingtouch_tex
270330	Common	Common	Priest	懲罰之手 03	True		icon_skills.punishingtouch_tex
270400	Common	Common	Priest	懲罰之手 04	False		icon_skills.punishingtouch_tex
270430	Common	Common	Priest	懲罰之手 04	True		icon_skills.punishingtouch_tex
270500	Common	Common	Priest	懲罰之手 05	False		icon_skills.punishingtouch_tex
270530	Common	Common	Priest	懲罰之手 05	True		icon_skills.punishingtouch_tex
270600	Common	Common	Priest	懲罰之手 06	False		icon_skills.punishingtouch_tex
270630	Common	Common	Priest	懲罰之手 06	True		icon_skills.punishingtouch_tex
270700	Common	Common	Priest	懲罰之手 07	False		icon_skills.punishingtouch_tex
270730	Common	Common	Priest	懲罰之手 07	True		icon_skills.punishingtouch_tex
270800	Common	Common	Priest	懲罰之手 08	False		icon_skills.punishingtouch_tex
270830	Common	Common	Priest	懲罰之手 08	True		icon_skills.punishingtouch_tex
270900	Common	Common	Priest	懲罰之手 09	False		icon_skills.punishingtouch_tex
270930	Common	Common	Priest	懲罰之手 09	True		icon_skills.punishingtouch_tex
271000	Common	Common	Priest	懲罰之手 10	False		icon_skills.punishingtouch_tex
271030	Common	Common	Priest	懲罰之手 10	True		icon_skills.punishingtouch_tex
271100	Common	Common	Priest	懲罰之手 11	False		icon_skills.punishingtouch_tex
271110	Common	Common	Priest	懲罰之手 11	False		icon_skills.punishingtouch_tex
271111	Common	Common	Priest	懲罰之手 11	True		icon_skills.punishingtouch_tex
271120	Common	Common	Priest	懲罰之手 11	False		icon_skills.punishingtouch_tex
271121	Common	Common	Priest	懲罰之手 11	True		icon_skills.punishingtouch_tex

280100	Common	Common	Priest	魔力再生 01	False		icon_skills.manarejuvenation_tex
280110	Common	Common	Priest	魔力再生 01	False	hit 1	icon_skills.manarejuvenation_tex
280111	Common	Common	Priest	魔力再生 01	False	hit 2	icon_skills.manarejuvenation_tex
280112	Common	Common	Priest	魔力再生 01	False	hit 3	icon_skills.manarejuvenation_tex

280200	Common	Common	Priest	全神卷軸	False		icon_skills.spirit2_tex
280210	Common	Common	Priest	全神卷軸	False	hit 1	icon_skills.spirit2_tex
280211	Common	Common	Priest	全神卷軸	False	hit 2	icon_skills.spirit2_tex
280212	Common	Common	Priest	全神卷軸	False	hit 3	icon_skills.spirit2_tex
280213	Common	Common	Priest	全神卷軸	False	hit 3	icon_skills.spirit2_tex

290100	Common	Common	Priest	連鎖天罰 01	False	hit 1	icon_skills.divineretribution_tex
290101	Common	Common	Priest	連鎖天罰 01	False	hit 2	icon_skills.divineretribution_tex
290102	Common	Common	Priest	連鎖天罰 01	False	hit 3	icon_skills.divineretribution_tex
290200	Common	Common	Priest	連鎖天罰 02	False	hit 1	icon_skills.divineretribution_tex
290201	Common	Common	Priest	連鎖天罰 02	False	hit 2	icon_skills.divineretribution_tex
290202	Common	Common	Priest	連鎖天罰 02	False	hit 3	icon_skills.divineretribution_tex
290300	Common	Common	Priest	連鎖天罰 03	False	hit 1	icon_skills.divineretribution_tex
290301	Common	Common	Priest	連鎖天罰 03	False	hit 2	icon_skills.divineretribution_tex
290302	Common	Common	Priest	連鎖天罰 03	False	hit 3	icon_skills.divineretribution_tex
290400	Common	Common	Priest	連鎖天罰 04	False	hit 1	icon_skills.divineretribution_tex
290401	Common	Common	Priest	連鎖天罰 04	False	hit 2	icon_skills.divineretribution_tex
290402	Common	Common	Priest	連鎖天罰 04	False	hit 3	icon_skills.divineretribution_tex
290500	Common	Common	Priest	連鎖天罰 05	False	hit 1	icon_skills.divineretribution_tex
290501	Common	Common	Priest	連鎖天罰 05	False	hit 2	icon_skills.divineretribution_tex
290502	Common	Common	Priest	連鎖天罰 05	False	hit 3	icon_skills.divineretribution_tex
290600	Common	Common	Priest	連鎖天罰 06	False	hit 1	icon_skills.divineretribution_tex
290601	Common	Common	Priest	連鎖天罰 06	False	hit 2	icon_skills.divineretribution_tex
290602	Common	Common	Priest	連鎖天罰 06	False	hit 3	icon_skills.divineretribution_tex
290700	Common	Common	Priest	連鎖天罰 07	False	hit 1	icon_skills.divineretribution_tex
290701	Common	Common	Priest	連鎖天罰 07	False	hit 2	icon_skills.divineretribution_tex
290702	Common	Common	Priest	連鎖天罰 07	False	hit 3	icon_skills.divineretribution_tex
290800	Common	Common	Priest	連鎖天罰 08	False	hit 1	icon_skills.divineretribution_tex
290801	Common	Common	Priest	連鎖天罰 08	False	hit 2	icon_skills.divineretribution_tex
290802	Common	Common	Priest	連鎖天罰 08	False	hit 3	icon_skills.divineretribution_tex
290900	Common	Common	Priest	連鎖天罰 09	False	hit 1	icon_skills.divineretribution_tex
290901	Common	Common	Priest	連鎖天罰 09	False	hit 2	icon_skills.divineretribution_tex
290902	Common	Common	Priest	連鎖天罰 09	False	hit 3	icon_skills.divineretribution_tex

300100	Common	Common	Priest	乏力預言 01	False		icon_skills.prophecyoflethargy_tex
300110	Common	Common	Priest	乏力預言 01	False		icon_skills.prophecyoflethargy_tex
300200	Common	Common	Priest	乏力預言 02	False		icon_skills.prophecyoflethargy_tex
300210	Common	Common	Priest	乏力預言 02	False		icon_skills.prophecyoflethargy_tex
300300	Common	Common	Priest	乏力預言 03	False		icon_skills.prophecyoflethargy_tex
300310	Common	Common	Priest	乏力預言 03	False		icon_skills.prophecyoflethargy_tex
300400	Common	Common	Priest	乏力預言 04	False		icon_skills.prophecyoflethargy_tex
300410	Common	Common	Priest	乏力預言 04	False		icon_skills.prophecyoflethargy_tex
300500	Common	Common	Priest	乏力預言 05	False		icon_skills.prophecyoflethargy_tex
300510	Common	Common	Priest	乏力預言 05	False		icon_skills.prophecyoflethargy_tex
300600	Common	Common	Priest	乏力預言 06	False		icon_skills.prophecyoflethargy_tex
300610	Common	Common	Priest	乏力預言 06	False		icon_skills.prophecyoflethargy_tex
300700	Common	Common	Priest	乏力預言 07	False		icon_skills.prophecyoflethargy_tex
300710	Common	Common	Priest	乏力預言 07	False		icon_skills.prophecyoflethargy_tex
300800	Common	Common	Priest	乏力預言 08	False		icon_skills.prophecyoflethargy_tex
300810	Common	Common	Priest	乏力預言 08	False		icon_skills.prophecyoflethargy_tex

310100	Common	Common	Priest	守護者聖域 01	False		icon_skills.guardianaura_tex
310200	Common	Common	Priest	守護者聖域 02	False		icon_skills.guardianaura_tex

320100	Common	Common	Priest	平靜庇護 01	False		icon_skills.restoration_tex
320200	Common	Common	Priest	平靜庇護 02	False		icon_skills.restoration_tex

330100	Common	Common	Priest	伊莎拉搖籃曲 01	False		icon_skills.lullabyoflshara_tex
330110	Common	Common	Priest	伊莎拉搖籃曲 01	False		icon_skills.lullabyoflshara_tex
330200	Common	Common	Priest	伊莎拉搖籃曲 02	False		icon_skills.lullabyoflshara_tex
330210	Common	Common	Priest	伊莎拉搖籃曲 02	False		icon_skills.lullabyoflshara_tex
330300	Common	Common	Priest	伊莎拉搖籃曲 03	False		icon_skills.lullabyoflshara_tex
330310	Common	Common	Priest	伊莎拉搖籃曲 03	False		icon_skills.lullabyoflshara_tex

340100	Common	Common	Priest	再生聖域 01	False		icon_skills.sanctuaryofregeneration_tex
340120	Common	Common	Priest	再生聖域 01	False		icon_skills.sanctuaryofregeneration_tex
340200	Common	Common	Priest	再生聖域 02	False		icon_skills.sanctuaryofregeneration_tex
340220	Common	Common	Priest	再生聖域 02	False		icon_skills.sanctuaryofregeneration_tex

350100	Common	Common	Priest	神聖閃電 01	False		icon_skills.divinelightning_tex
350110	Common	Common	Priest	神聖閃電 01	False		icon_skills.divinelightning_tex
350200	Common	Common	Priest	神聖閃電 02	False		icon_skills.divinelightning_tex
350210	Common	Common	Priest	神聖閃電 02	False		icon_skills.divinelightning_tex
350300	Common	Common	Priest	神聖閃電 03	False		icon_skills.divinelightning_tex
350310	Common	Common	Priest	神聖閃電 03	False		icon_skills.divinelightning_tex
350400	Common	Common	Priest	神聖閃電 04	False		icon_skills.divinelightning_tex
350410	Common	Common	Priest	神聖閃電 04	False		icon_skills.divinelightning_tex

360100	Common	Common	Priest	女神降臨 01	False		icon_skills.adventgoddess_tex
360200	Common	Common	Priest	女神降臨 02	False		icon_skills.adventgoddess_tex

370100	Common	Common	Priest	治癒翅膀 01	False		icon_skills.curewing_tex
370110	Common	Common	Priest	治癒翅膀 01	False		icon_skills.curewing_tex
370200	Common	Common	Priest	治癒翅膀 02	False		icon_skills.curewing_tex
370210	Common	Common	Priest	治癒翅膀 02	False		icon_skills.curewing_tex

380100	Common	Common	Priest	退避 01	False		icon_skills.backstep_tex

390100	Common	Common	Priest	復活的庇護 01	False		icon_skills.selfpreresurrection_tex

400100	Common	Common	Priest	神之氣息 01	False		icon_skills.godbreath_tex
400120	Common	Common	Priest	神之氣息 01	False		icon_skills.godbreath_tex
400200	Common	Common	Priest	神之氣息 02	False		icon_skills.godbreath_tex
400220	Common	Common	Priest	神之氣息 01	False		icon_skills.godbreath_tex
400300	Common	Common	Priest	神之氣息 03	False		icon_skills.godbreath_tex
400320	Common	Common	Priest	神之氣息 01	False		icon_skills.godbreath_tex
400400	Common	Common	Priest	神之氣息 04	False		icon_skills.godbreath_tex
400420	Common	Common	Priest	神之氣息 01	False		icon_skills.godbreath_tex
400500	Common	Common	Priest	神之氣息 05	False		icon_skills.godbreath_tex
400520	Common	Common	Priest	神之氣息 01	False		icon_skills.godbreath_tex
400600	Common	Common	Priest	神之氣息 06	False		icon_skills.godbreath_tex
400620	Common	Common	Priest	神之氣息 01	False		icon_skills.godbreath_tex
400700	Common	Common	Priest	神之氣息 07	False		icon_skills.godbreath_tex
400720	Common	Common	Priest	神之氣息 01	False		icon_skills.godbreath_tex
400800	Common	Common	Priest	神之氣息 08	False		icon_skills.godbreath_tex
400820	Common	Common	Priest	神之氣息 01	False		icon_skills.godbreath_tex
400900	Common	Common	Priest	神之氣息 09	False		icon_skills.godbreath_tex
400920	Common	Common	Priest	神之氣息 01	False		icon_skills.godbreath_tex
401000	Common	Common	Priest	神之氣息 10	False		icon_skills.godbreath_tex
401010	Common	Common	Priest	神之氣息 01	False		icon_skills.godbreath_tex
401012	Common	Common	Priest	神之氣息 01	False		icon_skills.godbreath_tex
401020	Common	Common	Priest	神之氣息 01	False		icon_skills.godbreath_tex
401022	Common	Common	Priest	神之氣息 01	False		icon_skills.godbreath_tex

410100	Common	Common	Priest	救援之手 01	False		icon_skills.helpinghand_tex
410110	Common	Common	Priest	救援之手 01	False		icon_skills.helpinghand_tex

410200	Common	Common	Priest	全神援手	False		icon_skills.spirithand_tex
410210	Common	Common	Priest	救援之手 01	False		icon_skills.helpinghand_tex

420100	Common	Common	Priest	燦爛的閃爍	False		icon_skills.lightspark_tex
420120	Common	Common	Priest	燦爛的閃爍	False		icon_skills.lightspark_tex
420121	Common	Common	Priest	燦爛的閃爍	False		icon_skills.lightspark_tex
420122	Common	Common	Priest	燦爛的閃爍	False	stopping	icon_skills.lightspark_tex
420123	Common	Common	Priest	燦爛的閃爍	False	stopping	icon_skills.lightspark_tex
420130	Common	Common	Priest	燦爛的閃爍	False		icon_skills.lightspark_tex
420131	Common	Common	Priest	燦爛的閃爍	False		icon_skills.lightspark_tex
420132	Common	Common	Priest	燦爛的閃爍	False	stopping	icon_skills.lightspark_tex
420133	Common	Common	Priest	燦爛的閃爍	False	stopping	icon_skills.lightspark_tex
423020	Common	Common	Priest	燦爛的閃爍	False		icon_skills.lightspark_tex
423021	Common	Common	Priest	燦爛的閃爍	False		icon_skills.lightspark_tex
423022	Common	Common	Priest	燦爛的閃爍	False	stopping	icon_skills.lightspark_tex
423030	Common	Common	Priest	燦爛的閃爍	False		icon_skills.lightspark_tex
423031	Common	Common	Priest	燦爛的閃爍	False		icon_skills.lightspark_tex
423032	Common	Common	Priest	燦爛的閃爍	False	stopping	icon_skills.lightspark_tex
423120	Common	Common	Priest	燦爛的閃爍	False		icon_skills.lightspark_tex
423121	Common	Common	Priest	燦爛的閃爍	False		icon_skills.lightspark_tex
423122	Common	Common	Priest	燦爛的閃爍	False	stopping	icon_skills.lightspark_tex
423123	Common	Common	Priest	燦爛的閃爍	False	stopping	icon_skills.lightspark_tex
423130	Common	Common	Priest	燦爛的閃爍	False		icon_skills.lightspark_tex
423131	Common	Common	Priest	燦爛的閃爍	False		icon_skills.lightspark_tex
423132	Common	Common	Priest	燦爛的閃爍	False	stopping	icon_skills.lightspark_tex
423133	Common	Common	Priest	燦爛的閃爍	False	stopping	icon_skills.lightspark_tex

430100	Common	Common	Priest	審判的卷軸	False		icon_skills.judgment_tex
430150	Common	Common	Priest	審判的卷軸	False		icon_skills.judgment_tex

9100100	Common	Common	Priest	覺醒氣息	False		icon_skills.awakenaura_tex
