10100	Common	Common	Gunner	發射一般炸彈 01	False		icon_skills.cannonshot_tex
10101	Common	Common	Gunner	發射一般炸彈 01	False		icon_skills.cannonshot_tex
10102	Common	Common	Gunner	發射一般炸彈 01	False		icon_skills.cannonshot_tex
10120	Common	Common	Gunner	發射一般炸彈 01	False		icon_skills.cannonshot_tex
10200	Common	Common	Gunner	發射一般炸彈 02	False		icon_skills.cannonshot_tex
10201	Common	Common	Gunner	發射一般炸彈 02	False		icon_skills.cannonshot_tex
10202	Common	Common	Gunner	發射一般炸彈 02	False		icon_skills.cannonshot_tex
10220	Common	Common	Gunner	發射一般炸彈 02	False		icon_skills.cannonshot_tex
10300	Common	Common	Gunner	發射一般炸彈 03	False		icon_skills.cannonshot_tex
10301	Common	Common	Gunner	發射一般炸彈 03	False		icon_skills.cannonshot_tex
10302	Common	Common	Gunner	發射一般炸彈 03	False		icon_skills.cannonshot_tex
10320	Common	Common	Gunner	發射一般炸彈 03	False		icon_skills.cannonshot_tex
10400	Common	Common	Gunner	發射一般炸彈 04	False		icon_skills.cannonshot_tex
10401	Common	Common	Gunner	發射一般炸彈 04	False		icon_skills.cannonshot_tex
10402	Common	Common	Gunner	發射一般炸彈 04	False		icon_skills.cannonshot_tex
10420	Common	Common	Gunner	發射一般炸彈 04	False		icon_skills.cannonshot_tex
10500	Common	Common	Gunner	發射一般炸彈 05	False		icon_skills.cannonshot_tex
10501	Common	Common	Gunner	發射一般炸彈 05	False		icon_skills.cannonshot_tex
10502	Common	Common	Gunner	發射一般炸彈 05	False		icon_skills.cannonshot_tex
10520	Common	Common	Gunner	發射一般炸彈 05	False		icon_skills.cannonshot_tex
10600	Common	Common	Gunner	發射一般炸彈 06	False		icon_skills.cannonshot_tex
10601	Common	Common	Gunner	發射一般炸彈 06	False		icon_skills.cannonshot_tex
10602	Common	Common	Gunner	發射一般炸彈 06	False		icon_skills.cannonshot_tex
10620	Common	Common	Gunner	發射一般炸彈 06	False		icon_skills.cannonshot_tex
10700	Common	Common	Gunner	發射一般炸彈 07	False		icon_skills.cannonshot_tex
10701	Common	Common	Gunner	發射一般炸彈 07	False		icon_skills.cannonshot_tex
10702	Common	Common	Gunner	發射一般炸彈 07	False		icon_skills.cannonshot_tex
10720	Common	Common	Gunner	發射一般炸彈 07	False		icon_skills.cannonshot_tex
10800	Common	Common	Gunner	發射一般炸彈 08	False		icon_skills.cannonshot_tex
10801	Common	Common	Gunner	發射一般炸彈 08	False		icon_skills.cannonshot_tex
10802	Common	Common	Gunner	發射一般炸彈 08	False		icon_skills.cannonshot_tex
10820	Common	Common	Gunner	發射一般炸彈 08	False		icon_skills.cannonshot_tex
10900	Common	Common	Gunner	發射一般炸彈 09	False		icon_skills.cannonshot_tex
10901	Common	Common	Gunner	發射一般炸彈 09	False		icon_skills.cannonshot_tex
10902	Common	Common	Gunner	發射一般炸彈 09	False		icon_skills.cannonshot_tex
10920	Common	Common	Gunner	發射一般炸彈 09	False		icon_skills.cannonshot_tex
11000	Common	Common	Gunner	發射一般炸彈 10	False		icon_skills.cannonshot_tex
11001	Common	Common	Gunner	發射一般炸彈 10	False		icon_skills.cannonshot_tex
11002	Common	Common	Gunner	發射一般炸彈 10	False		icon_skills.cannonshot_tex
11020	Common	Common	Gunner	發射一般炸彈 10	False		icon_skills.cannonshot_tex
11100	Common	Common	Gunner	發射一般炸彈 11	False		icon_skills.cannonshot_tex
11101	Common	Common	Gunner	發射一般炸彈 11	False		icon_skills.cannonshot_tex
11102	Common	Common	Gunner	發射一般炸彈 11	False		icon_skills.cannonshot_tex
11120	Common	Common	Gunner	發射一般炸彈 11	False		icon_skills.cannonshot_tex
11200	Common	Common	Gunner	發射一般炸彈 12	False		icon_skills.cannonshot_tex
11201	Common	Common	Gunner	發射一般炸彈 12	False		icon_skills.cannonshot_tex
11202	Common	Common	Gunner	發射一般炸彈 12	False		icon_skills.cannonshot_tex
11220	Common	Common	Gunner	發射一般炸彈 12	False		icon_skills.cannonshot_tex

20100	Common	Common	Gunner	發射爆擊彈	False		icon_skills.mortarshot_tex
20101	Common	Common	Gunner	發射爆擊彈	False		icon_skills.mortarshot_tex
20120	Common	Common	Gunner	發射爆擊彈	False		icon_skills.mortarshot_tex
20200	Common	Common	Gunner	發射爆擊彈 02	False		icon_skills.mortarshot_tex
20201	Common	Common	Gunner	發射爆擊彈	False		icon_skills.mortarshot_tex
20220	Common	Common	Gunner	發射爆擊彈	False		icon_skills.mortarshot_tex
20300	Common	Common	Gunner	發射爆擊彈 03	False		icon_skills.mortarshot_tex
20301	Common	Common	Gunner	發射爆擊彈	False		icon_skills.mortarshot_tex
20320	Common	Common	Gunner	發射爆擊彈	False		icon_skills.mortarshot_tex
20400	Common	Common	Gunner	發射爆擊彈 04	False		icon_skills.mortarshot_tex
20401	Common	Common	Gunner	發射爆擊彈	False		icon_skills.mortarshot_tex
20420	Common	Common	Gunner	發射爆擊彈	False		icon_skills.mortarshot_tex
20500	Common	Common	Gunner	發射爆擊彈 05	False		icon_skills.mortarshot_tex
20501	Common	Common	Gunner	發射爆擊彈	False		icon_skills.mortarshot_tex
20520	Common	Common	Gunner	發射爆擊彈	False		icon_skills.mortarshot_tex
20600	Common	Common	Gunner	發射爆擊彈 06	False		icon_skills.mortarshot_tex
20601	Common	Common	Gunner	發射爆擊彈	False		icon_skills.mortarshot_tex
20620	Common	Common	Gunner	發射爆擊彈	False		icon_skills.mortarshot_tex

30100	Common	Common	Gunner	發射散彈 01	False		icon_skills.buckshot_tex
30101	Common	Common	Gunner	發射散彈 01	False		icon_skills.buckshot_tex
30102	Common	Common	Gunner	發射散彈 01	False		icon_skills.buckshot_tex
30130	Common	Common	Gunner	發射散彈 01	True		icon_skills.buckshot_tex
30200	Common	Common	Gunner	發射散彈 02	False		icon_skills.buckshot_tex
30201	Common	Common	Gunner	發射散彈 02	False		icon_skills.buckshot_tex
30202	Common	Common	Gunner	發射散彈 02	False		icon_skills.buckshot_tex
30230	Common	Common	Gunner	發射散彈 02	True		icon_skills.buckshot_tex
30300	Common	Common	Gunner	發射散彈 03	False		icon_skills.buckshot_tex
30301	Common	Common	Gunner	發射散彈 03	False		icon_skills.buckshot_tex
30302	Common	Common	Gunner	發射散彈 03	False		icon_skills.buckshot_tex
30330	Common	Common	Gunner	發射散彈 03	True		icon_skills.buckshot_tex
30400	Common	Common	Gunner	發射散彈 04	False		icon_skills.buckshot_tex
30401	Common	Common	Gunner	發射散彈 04	False		icon_skills.buckshot_tex
30402	Common	Common	Gunner	發射散彈 04	False		icon_skills.buckshot_tex
30430	Common	Common	Gunner	發射散彈 04	True		icon_skills.buckshot_tex
30500	Common	Common	Gunner	發射散彈 05	False		icon_skills.buckshot_tex
30501	Common	Common	Gunner	發射散彈 05	False		icon_skills.buckshot_tex
30502	Common	Common	Gunner	發射散彈 05	False		icon_skills.buckshot_tex
30530	Common	Common	Gunner	發射散彈 05	True		icon_skills.buckshot_tex
30600	Common	Common	Gunner	發射散彈 06	False		icon_skills.buckshot_tex
30601	Common	Common	Gunner	發射散彈 06	False		icon_skills.buckshot_tex
30602	Common	Common	Gunner	發射散彈 06	False		icon_skills.buckshot_tex
30630	Common	Common	Gunner	發射散彈 06	True		icon_skills.buckshot_tex
30700	Common	Common	Gunner	發射散彈 07	False		icon_skills.buckshot_tex
30701	Common	Common	Gunner	發射散彈 07	False		icon_skills.buckshot_tex
30702	Common	Common	Gunner	發射散彈 07	False		icon_skills.buckshot_tex
30730	Common	Common	Gunner	發射散彈 07	True		icon_skills.buckshot_tex
30800	Common	Common	Gunner	發射散彈 08	False		icon_skills.buckshot_tex
30801	Common	Common	Gunner	發射散彈 08	False		icon_skills.buckshot_tex
30802	Common	Common	Gunner	發射散彈 08	False		icon_skills.buckshot_tex
30830	Common	Common	Gunner	發射散彈 08	True		icon_skills.buckshot_tex
30900	Common	Common	Gunner	發射散彈 09	False		icon_skills.buckshot_tex
30901	Common	Common	Gunner	發射散彈 09	False		icon_skills.buckshot_tex
30902	Common	Common	Gunner	發射散彈 09	False		icon_skills.buckshot_tex
30930	Common	Common	Gunner	發射散彈 09	True		icon_skills.buckshot_tex
31000	Common	Common	Gunner	發射散彈 10	False		icon_skills.buckshot_tex
31001	Common	Common	Gunner	發射散彈 10	False		icon_skills.buckshot_tex
31002	Common	Common	Gunner	發射散彈 10	False		icon_skills.buckshot_tex
31030	Common	Common	Gunner	發射散彈 10	True		icon_skills.buckshot_tex
31100	Common	Common	Gunner	發射散彈 11	False		icon_skills.buckshot_tex
31101	Common	Common	Gunner	發射散彈 11	False		icon_skills.buckshot_tex
31102	Common	Common	Gunner	發射散彈 11	False		icon_skills.buckshot_tex
31130	Common	Common	Gunner	發射散彈 11	True		icon_skills.buckshot_tex

40100	Common	Common	Gunner	揮舞/推功 01	False		icon_skills.gunbrandish_tex
40101	Common	Common	Gunner	揮舞/推功 01	False		icon_skills.gunbrandish_tex
40102	Common	Common	Gunner	揮舞/推功 01	False		icon_skills.gunbrandish_tex
40103	Common	Common	Gunner	揮舞/推功 01	False	hit 2	icon_skills.gunbrandish_tex
40104	Common	Common	Gunner	揮舞/推功 01	False	hit 2	icon_skills.gunbrandish_tex
40130	Common	Common	Gunner	揮舞/推功 01	True		icon_skills.gunbrandish_tex
40200	Common	Common	Gunner	揮舞/推功 02	False		icon_skills.gunbrandish_tex
40201	Common	Common	Gunner	揮舞/推功 02	False		icon_skills.gunbrandish_tex
40202	Common	Common	Gunner	揮舞/推功 02	False		icon_skills.gunbrandish_tex
40203	Common	Common	Gunner	揮舞/推功 02	False	hit 2	icon_skills.gunbrandish_tex
40204	Common	Common	Gunner	揮舞/推功 02	False	hit 2	icon_skills.gunbrandish_tex
40230	Common	Common	Gunner	揮舞/推功 02	True		icon_skills.gunbrandish_tex
40300	Common	Common	Gunner	揮舞/推功 03	False		icon_skills.gunbrandish_tex
40301	Common	Common	Gunner	揮舞/推功 03	False		icon_skills.gunbrandish_tex
40302	Common	Common	Gunner	揮舞/推功 03	False		icon_skills.gunbrandish_tex
40303	Common	Common	Gunner	揮舞/推功 03	False	hit 2	icon_skills.gunbrandish_tex
40304	Common	Common	Gunner	揮舞/推功 03	False	hit 2	icon_skills.gunbrandish_tex
40330	Common	Common	Gunner	揮舞/推功 03	True		icon_skills.gunbrandish_tex
40400	Common	Common	Gunner	揮舞/推功 04	False		icon_skills.gunbrandish_tex
40401	Common	Common	Gunner	揮舞/推功 04	False		icon_skills.gunbrandish_tex
40402	Common	Common	Gunner	揮舞/推功 04	False		icon_skills.gunbrandish_tex
40403	Common	Common	Gunner	揮舞/推功 04	False	hit 2	icon_skills.gunbrandish_tex
40404	Common	Common	Gunner	揮舞/推功 04	False	hit 2	icon_skills.gunbrandish_tex
40430	Common	Common	Gunner	揮舞/推功 04	True		icon_skills.gunbrandish_tex
40500	Common	Common	Gunner	揮舞/推功 05	False		icon_skills.gunbrandish_tex
40501	Common	Common	Gunner	揮舞/推功 05	False		icon_skills.gunbrandish_tex
40502	Common	Common	Gunner	揮舞/推功 05	False		icon_skills.gunbrandish_tex
40503	Common	Common	Gunner	揮舞/推功 05	False	hit 2	icon_skills.gunbrandish_tex
40504	Common	Common	Gunner	揮舞/推功 05	False	hit 2	icon_skills.gunbrandish_tex
40530	Common	Common	Gunner	揮舞/推功 05	True		icon_skills.gunbrandish_tex
40600	Common	Common	Gunner	揮舞/推功 06	False		icon_skills.gunbrandish_tex
40601	Common	Common	Gunner	揮舞/推功 06	False		icon_skills.gunbrandish_tex
40602	Common	Common	Gunner	揮舞/推功 06	False		icon_skills.gunbrandish_tex
40603	Common	Common	Gunner	揮舞/推功 06	False	hit 2	icon_skills.gunbrandish_tex
40604	Common	Common	Gunner	揮舞/推功 06	False	hit 2	icon_skills.gunbrandish_tex
40630	Common	Common	Gunner	揮舞/推功 06	True		icon_skills.gunbrandish_tex
40700	Common	Common	Gunner	揮舞/推功 07	False		icon_skills.gunbrandish_tex
40701	Common	Common	Gunner	揮舞/推功 07	False		icon_skills.gunbrandish_tex
40702	Common	Common	Gunner	揮舞/推功 07	False		icon_skills.gunbrandish_tex
40703	Common	Common	Gunner	揮舞/推功 07	False	hit 2	icon_skills.gunbrandish_tex
40704	Common	Common	Gunner	揮舞/推功 07	False	hit 2	icon_skills.gunbrandish_tex
40730	Common	Common	Gunner	揮舞/推功 07	True		icon_skills.gunbrandish_tex
40800	Common	Common	Gunner	揮舞/推功 08	False		icon_skills.gunbrandish_tex
40801	Common	Common	Gunner	揮舞/推功 08	False		icon_skills.gunbrandish_tex
40802	Common	Common	Gunner	揮舞/推功 08	False		icon_skills.gunbrandish_tex
40803	Common	Common	Gunner	揮舞/推功 08	False	hit 2	icon_skills.gunbrandish_tex
40804	Common	Common	Gunner	揮舞/推功 08	False	hit 2	icon_skills.gunbrandish_tex
40830	Common	Common	Gunner	揮舞/推功 08	True		icon_skills.gunbrandish_tex

50100	Common	Common	Gunner	發射速射炮 01	False		icon_skills.gatlingshot_tex
50101	Common	Common	Gunner	發射速射炮 01	False		icon_skills.gatlingshot_tex
50200	Common	Common	Gunner	發射速射炮 02	False		icon_skills.gatlingshot_tex
50201	Common	Common	Gunner	發射速射炮 02	False		icon_skills.gatlingshot_tex
50300	Common	Common	Gunner	發射速射炮 03	False		icon_skills.gatlingshot_tex
50301	Common	Common	Gunner	發射速射炮 03	False		icon_skills.gatlingshot_tex
50400	Common	Common	Gunner	發射速射炮 04	False		icon_skills.gatlingshot_tex
50401	Common	Common	Gunner	發射速射炮 04	False		icon_skills.gatlingshot_tex
50500	Common	Common	Gunner	發射速射炮 05	False		icon_skills.gatlingshot_tex
50501	Common	Common	Gunner	發射速射炮 05	False		icon_skills.gatlingshot_tex
50600	Common	Common	Gunner	發射速射炮 06	False		icon_skills.gatlingshot_tex
50601	Common	Common	Gunner	發射速射炮 06	False		icon_skills.gatlingshot_tex
50700	Common	Common	Gunner	發射速射炮 07	False		icon_skills.gatlingshot_tex
50701	Common	Common	Gunner	發射速射炮 07	False		icon_skills.gatlingshot_tex
50800	Common	Common	Gunner	發射速射炮 08	False		icon_skills.gatlingshot_tex
50801	Common	Common	Gunner	發射速射炮 08	False		icon_skills.gatlingshot_tex
50900	Common	Common	Gunner	發射速射炮 09	False		icon_skills.gatlingshot_tex
50901	Common	Common	Gunner	發射速射炮 09	False		icon_skills.gatlingshot_tex
51000	Common	Common	Gunner	發射速射炮 10	False		icon_skills.gatlingshot_tex
51010	Common	Common	Gunner	發射速射炮 10	False		icon_skills.gatlingshot_tex
51011	Common	Common	Gunner	發射速射炮 10	False		icon_skills.gatlingshot_tex

51020	Common	Common	Gunner	神秘光束連射	False		icon_skills.gatlingshot_awaken_tex
51021	Common	Common	Gunner	神秘光束連射	False		icon_skills.gatlingshot_awaken_tex
51031	Common	Common	Gunner	神秘光束連射	False		icon_skills.gatlingshot_awaken_tex
51032	Common	Common	Gunner	神秘光束連射	False		icon_skills.gatlingshot_awaken_tex

60100	Common	Common	Gunner	發射限時炮彈 01	False		icon_skills.timebombshot_tex
60101	Common	Common	Gunner	發射限時炮彈 01	False		icon_skills.timebombshot_tex
60102	Common	Common	Gunner	發射限時炮彈 01	False		icon_skills.timebombshot_tex
60120	Common	Common	Gunner	發射限時炮彈 01	False		icon_skills.timebombshot_tex
60121	Common	Common	Gunner	發射限時炮彈 01	False		icon_skills.timebombshot_tex
60122	Common	Common	Gunner	發射限時炮彈 01	False	Boom	icon_skills.timebombshot_tex
60200	Common	Common	Gunner	發射限時炮彈 02	False		icon_skills.timebombshot_tex
60201	Common	Common	Gunner	發射限時炮彈 02	False		icon_skills.timebombshot_tex
60202	Common	Common	Gunner	發射限時炮彈 02	False		icon_skills.timebombshot_tex
60220	Common	Common	Gunner	發射限時炮彈 02	False		icon_skills.timebombshot_tex
60221	Common	Common	Gunner	發射限時炮彈 02	False		icon_skills.timebombshot_tex
60222	Common	Common	Gunner	發射限時炮彈 02	False	Boom	icon_skills.timebombshot_tex
60300	Common	Common	Gunner	發射限時炮彈 03	False		icon_skills.timebombshot_tex
60301	Common	Common	Gunner	發射限時炮彈 03	False		icon_skills.timebombshot_tex
60302	Common	Common	Gunner	發射限時炮彈 03	False		icon_skills.timebombshot_tex
60320	Common	Common	Gunner	發射限時炮彈 03	False		icon_skills.timebombshot_tex
60321	Common	Common	Gunner	發射限時炮彈 03	False		icon_skills.timebombshot_tex
60322	Common	Common	Gunner	發射限時炮彈 03	False	Boom	icon_skills.timebombshot_tex
60400	Common	Common	Gunner	發射限時炮彈 04	False		icon_skills.timebombshot_tex
60401	Common	Common	Gunner	發射限時炮彈 04	False		icon_skills.timebombshot_tex
60402	Common	Common	Gunner	發射限時炮彈 04	False		icon_skills.timebombshot_tex
60420	Common	Common	Gunner	發射限時炮彈 04	False		icon_skills.timebombshot_tex
60421	Common	Common	Gunner	發射限時炮彈 04	False		icon_skills.timebombshot_tex
60422	Common	Common	Gunner	發射限時炮彈 04	False	Boom	icon_skills.timebombshot_tex
60500	Common	Common	Gunner	發射限時炮彈 05	False		icon_skills.timebombshot_tex
60501	Common	Common	Gunner	發射限時炮彈 05	False		icon_skills.timebombshot_tex
60502	Common	Common	Gunner	發射限時炮彈 05	False		icon_skills.timebombshot_tex
60520	Common	Common	Gunner	發射限時炮彈 05	False		icon_skills.timebombshot_tex
60521	Common	Common	Gunner	發射限時炮彈 05	False		icon_skills.timebombshot_tex
60522	Common	Common	Gunner	發射限時炮彈 05	False	Boom	icon_skills.timebombshot_tex
60600	Common	Common	Gunner	發射限時炮彈 06	False		icon_skills.timebombshot_tex
60601	Common	Common	Gunner	發射限時炮彈 06	False		icon_skills.timebombshot_tex
60602	Common	Common	Gunner	發射限時炮彈 06	False		icon_skills.timebombshot_tex
60620	Common	Common	Gunner	發射限時炮彈 06	False		icon_skills.timebombshot_tex
60621	Common	Common	Gunner	發射限時炮彈 06	False		icon_skills.timebombshot_tex
60622	Common	Common	Gunner	發射限時炮彈 06	False	Boom	icon_skills.timebombshot_tex
60700	Common	Common	Gunner	發射限時炮彈 07	False		icon_skills.timebombshot_tex
60701	Common	Common	Gunner	發射限時炮彈 07	False		icon_skills.timebombshot_tex
60702	Common	Common	Gunner	發射限時炮彈 07	False		icon_skills.timebombshot_tex
60720	Common	Common	Gunner	發射限時炮彈 07	False		icon_skills.timebombshot_tex
60721	Common	Common	Gunner	發射限時炮彈 07	False		icon_skills.timebombshot_tex
60722	Common	Common	Gunner	發射限時炮彈 07	False	Boom	icon_skills.timebombshot_tex
60800	Common	Common	Gunner	發射限時炮彈 08	False		icon_skills.timebombshot_tex
60801	Common	Common	Gunner	發射限時炮彈 08	False		icon_skills.timebombshot_tex
60802	Common	Common	Gunner	發射限時炮彈 08	False		icon_skills.timebombshot_tex
60820	Common	Common	Gunner	發射限時炮彈 08	False		icon_skills.timebombshot_tex
60821	Common	Common	Gunner	發射限時炮彈 08	False		icon_skills.timebombshot_tex
60822	Common	Common	Gunner	發射限時炮彈 08	False	Boom	icon_skills.timebombshot_tex
60900	Common	Common	Gunner	發射限時炮彈 09	False		icon_skills.timebombshot_tex
60901	Common	Common	Gunner	發射限時炮彈 09	False		icon_skills.timebombshot_tex
60902	Common	Common	Gunner	發射限時炮彈 09	False		icon_skills.timebombshot_tex
60920	Common	Common	Gunner	發射限時炮彈 09	False		icon_skills.timebombshot_tex
60921	Common	Common	Gunner	發射限時炮彈 09	False		icon_skills.timebombshot_tex
60922	Common	Common	Gunner	發射限時炮彈 09	False	Boom	icon_skills.timebombshot_tex
61000	Common	Common	Gunner	發射限時炮彈 10	False		icon_skills.timebombshot_tex
61001	Common	Common	Gunner	發射限時炮彈 10	False		icon_skills.timebombshot_tex
61002	Common	Common	Gunner	發射限時炮彈 10	False		icon_skills.timebombshot_tex
61020	Common	Common	Gunner	發射限時炮彈 10	False		icon_skills.timebombshot_tex
61021	Common	Common	Gunner	發射限時炮彈 10	False		icon_skills.timebombshot_tex
61022	Common	Common	Gunner	發射限時炮彈 10	False	Boom	icon_skills.timebombshot_tex
61100	Common	Common	Gunner	發射限時炮彈 11	False		icon_skills.timebombshot_tex
61101	Common	Common	Gunner	發射限時炮彈 11	False		icon_skills.timebombshot_tex
61102	Common	Common	Gunner	發射限時炮彈 11	False		icon_skills.timebombshot_tex
61120	Common	Common	Gunner	發射限時炮彈 11	False		icon_skills.timebombshot_tex
61121	Common	Common	Gunner	發射限時炮彈 11	False		icon_skills.timebombshot_tex
61122	Common	Common	Gunner	發射限時炮彈 11	False	Boom	icon_skills.timebombshot_tex

70100	Common	Common	Gunner	發射秘傳衝擊彈 01	False		icon_skills.arcaneshockshot01_tex
70101	Common	Common	Gunner	發射秘傳衝擊彈 01	False		icon_skills.arcaneshockshot01_tex
70102	Common	Common	Gunner	發射秘傳衝擊彈 01	False		icon_skills.arcaneshockshot01_tex
70103	Common	Common	Gunner	發射秘傳衝擊彈 01	False	hit 2	icon_skills.arcaneshockshot01_tex
70120	Common	Common	Gunner	發射秘傳衝擊彈 01	False	forward	icon_skills.arcaneshockshot01_tex
70121	Common	Common	Gunner	發射秘傳衝擊彈 01	False	Boom	icon_skills.arcaneshockshot01_tex
70122	Common	Common	Gunner	發射秘傳衝擊彈 01	False	Boom	icon_skills.arcaneshockshot01_tex
70200	Common	Common	Gunner	發射秘傳衝擊彈 02	False		icon_skills.arcaneshockshot01_tex
70201	Common	Common	Gunner	發射秘傳衝擊彈 02	False		icon_skills.arcaneshockshot01_tex
70202	Common	Common	Gunner	發射秘傳衝擊彈 02	False		icon_skills.arcaneshockshot01_tex
70203	Common	Common	Gunner	發射秘傳衝擊彈 02	False	hit 2	icon_skills.arcaneshockshot01_tex
70220	Common	Common	Gunner	發射秘傳衝擊彈 02	False	forward	icon_skills.arcaneshockshot01_tex
70221	Common	Common	Gunner	發射秘傳衝擊彈 02	False	Boom	icon_skills.arcaneshockshot01_tex
70222	Common	Common	Gunner	發射秘傳衝擊彈 02	False	Boom	icon_skills.arcaneshockshot01_tex
70300	Common	Common	Gunner	發射秘傳衝擊彈 03	False		icon_skills.arcaneshockshot01_tex
70301	Common	Common	Gunner	發射秘傳衝擊彈 03	False		icon_skills.arcaneshockshot01_tex
70302	Common	Common	Gunner	發射秘傳衝擊彈 03	False		icon_skills.arcaneshockshot01_tex
70303	Common	Common	Gunner	發射秘傳衝擊彈 03	False	hit 2	icon_skills.arcaneshockshot01_tex
70320	Common	Common	Gunner	發射秘傳衝擊彈 03	False	forward	icon_skills.arcaneshockshot01_tex
70321	Common	Common	Gunner	發射秘傳衝擊彈 03	False	Boom	icon_skills.arcaneshockshot01_tex
70322	Common	Common	Gunner	發射秘傳衝擊彈 03	False	Boom	icon_skills.arcaneshockshot01_tex
70400	Common	Common	Gunner	發射秘傳衝擊彈 04	False		icon_skills.arcaneshockshot01_tex
70401	Common	Common	Gunner	發射秘傳衝擊彈 04	False		icon_skills.arcaneshockshot01_tex
70402	Common	Common	Gunner	發射秘傳衝擊彈 04	False		icon_skills.arcaneshockshot01_tex
70403	Common	Common	Gunner	發射秘傳衝擊彈 04	False	hit 2	icon_skills.arcaneshockshot01_tex
70420	Common	Common	Gunner	發射秘傳衝擊彈 04	False	forward	icon_skills.arcaneshockshot01_tex
70421	Common	Common	Gunner	發射秘傳衝擊彈 04	False	Boom	icon_skills.arcaneshockshot01_tex
70422	Common	Common	Gunner	發射秘傳衝擊彈 04	False	Boom	icon_skills.arcaneshockshot01_tex
70500	Common	Common	Gunner	發射秘傳衝擊彈 05	False		icon_skills.arcaneshockshot01_tex
70501	Common	Common	Gunner	發射秘傳衝擊彈 05	False		icon_skills.arcaneshockshot01_tex
70502	Common	Common	Gunner	發射秘傳衝擊彈 05	False		icon_skills.arcaneshockshot01_tex
70503	Common	Common	Gunner	發射秘傳衝擊彈 05	False	hit 2	icon_skills.arcaneshockshot01_tex
70520	Common	Common	Gunner	發射秘傳衝擊彈 05	False	forward	icon_skills.arcaneshockshot01_tex
70521	Common	Common	Gunner	發射秘傳衝擊彈 05	False	Boom	icon_skills.arcaneshockshot01_tex
70522	Common	Common	Gunner	發射秘傳衝擊彈 05	False	Boom	icon_skills.arcaneshockshot01_tex
70600	Common	Common	Gunner	發射秘傳衝擊彈 06	False		icon_skills.arcaneshockshot01_tex
70601	Common	Common	Gunner	發射秘傳衝擊彈 06	False		icon_skills.arcaneshockshot01_tex
70602	Common	Common	Gunner	發射秘傳衝擊彈 06	False		icon_skills.arcaneshockshot01_tex
70603	Common	Common	Gunner	發射秘傳衝擊彈 06	False	hit 2	icon_skills.arcaneshockshot01_tex
70620	Common	Common	Gunner	發射秘傳衝擊彈 06	False	forward	icon_skills.arcaneshockshot01_tex
70621	Common	Common	Gunner	發射秘傳衝擊彈 06	False	Boom	icon_skills.arcaneshockshot01_tex
70622	Common	Common	Gunner	發射秘傳衝擊彈 06	False	Boom	icon_skills.arcaneshockshot01_tex
70700	Common	Common	Gunner	發射秘傳衝擊彈 07	False		icon_skills.arcaneshockshot01_tex
70701	Common	Common	Gunner	發射秘傳衝擊彈 07	False		icon_skills.arcaneshockshot01_tex
70702	Common	Common	Gunner	發射秘傳衝擊彈 07	False		icon_skills.arcaneshockshot01_tex
70703	Common	Common	Gunner	發射秘傳衝擊彈 07	False	hit 2	icon_skills.arcaneshockshot01_tex
70720	Common	Common	Gunner	發射秘傳衝擊彈 07	False	forward	icon_skills.arcaneshockshot01_tex
70721	Common	Common	Gunner	發射秘傳衝擊彈 07	False	Boom	icon_skills.arcaneshockshot01_tex
70722	Common	Common	Gunner	發射秘傳衝擊彈 07	False	Boom	icon_skills.arcaneshockshot01_tex
70800	Common	Common	Gunner	發射秘傳衝擊彈 08	False		icon_skills.arcaneshockshot01_tex
70801	Common	Common	Gunner	發射秘傳衝擊彈 08	False		icon_skills.arcaneshockshot01_tex
70802	Common	Common	Gunner	發射秘傳衝擊彈 08	False		icon_skills.arcaneshockshot01_tex
70803	Common	Common	Gunner	發射秘傳衝擊彈 08	False	hit 2	icon_skills.arcaneshockshot01_tex
70820	Common	Common	Gunner	發射秘傳衝擊彈 08	False	forward	icon_skills.arcaneshockshot01_tex
70821	Common	Common	Gunner	發射秘傳衝擊彈 08	False	Boom	icon_skills.arcaneshockshot01_tex
70822	Common	Common	Gunner	發射秘傳衝擊彈 08	False	Boom	icon_skills.arcaneshockshot01_tex
70900	Common	Common	Gunner	發射秘傳衝擊彈 09	False		icon_skills.arcaneshockshot01_tex
70901	Common	Common	Gunner	發射秘傳衝擊彈 08	False		icon_skills.arcaneshockshot01_tex
70902	Common	Common	Gunner	發射秘傳衝擊彈 08	False		icon_skills.arcaneshockshot01_tex
70903	Common	Common	Gunner	發射秘傳衝擊彈 08	False	hit 2	icon_skills.arcaneshockshot01_tex
70920	Common	Common	Gunner	發射秘傳衝擊彈 08	False	forward	icon_skills.arcaneshockshot01_tex
70921	Common	Common	Gunner	發射秘傳衝擊彈 08	False	Boom	icon_skills.arcaneshockshot01_tex
70922	Common	Common	Gunner	發射秘傳衝擊彈 08	False	Boom	icon_skills.arcaneshockshot01_tex
71000	Common	Common	Gunner	發射秘傳衝擊彈 10	False		icon_skills.arcaneshockshot01_tex
71001	Common	Common	Gunner	發射秘傳衝擊彈 08	False		icon_skills.arcaneshockshot01_tex
71002	Common	Common	Gunner	發射秘傳衝擊彈 08	False		icon_skills.arcaneshockshot01_tex
71003	Common	Common	Gunner	發射秘傳衝擊彈 08	False	hit 2	icon_skills.arcaneshockshot01_tex
71020	Common	Common	Gunner	發射秘傳衝擊彈 08	False	forward	icon_skills.arcaneshockshot01_tex
71021	Common	Common	Gunner	發射秘傳衝擊彈 08	False	Boom	icon_skills.arcaneshockshot01_tex
71022	Common	Common	Gunner	發射秘傳衝擊彈 08	False	Boom	icon_skills.arcaneshockshot01_tex
71100	Common	Common	Gunner	發射秘傳衝擊彈 11	False		icon_skills.arcaneshockshot01_tex
71101	Common	Common	Gunner	發射秘傳衝擊彈 08	False		icon_skills.arcaneshockshot01_tex
71102	Common	Common	Gunner	發射秘傳衝擊彈 08	False		icon_skills.arcaneshockshot01_tex
71103	Common	Common	Gunner	發射秘傳衝擊彈 08	False	hit 2	icon_skills.arcaneshockshot01_tex
71120	Common	Common	Gunner	發射秘傳衝擊彈 08	False	forward	icon_skills.arcaneshockshot01_tex
71121	Common	Common	Gunner	發射秘傳衝擊彈 08	False	Boom	icon_skills.arcaneshockshot01_tex
71122	Common	Common	Gunner	發射秘傳衝擊彈 08	False	Boom	icon_skills.arcaneshockshot01_tex
71130	Common	Common	Gunner	發射秘傳衝擊彈 08	False		icon_skills.arcaneshockshot01_tex
71131	Common	Common	Gunner	發射秘傳衝擊彈 08	False		icon_skills.arcaneshockshot01_tex
71132	Common	Common	Gunner	發射秘傳衝擊彈 08	False		icon_skills.arcaneshockshot01_tex
71133	Common	Common	Gunner	發射秘傳衝擊彈 08	False	hit 2	icon_skills.arcaneshockshot01_tex
71150	Common	Common	Gunner	發射秘傳衝擊彈 08	False	forward	icon_skills.arcaneshockshot01_tex
71151	Common	Common	Gunner	發射秘傳衝擊彈 08	False	Boom	icon_skills.arcaneshockshot01_tex
71152	Common	Common	Gunner	發射秘傳衝擊彈 08	False	Boom	icon_skills.arcaneshockshot01_tex

90100	Common	Common	Gunner	發射秘傳導彈 01	False		icon_skills.aimedshot_tex
90110	Common	Common	Gunner	發射秘傳導彈 01	False		icon_skills.aimedshot_tex
90111	Common	Common	Gunner	發射秘傳導彈 01	False		icon_skills.aimedshot_tex
90120	Common	Common	Gunner	發射秘傳導彈 01	False		icon_skills.aimedshot_tex
90121	Common	Common	Gunner	發射秘傳導彈 01	False		icon_skills.aimedshot_tex
90122	Common	Common	Gunner	發射秘傳導彈 01	False		icon_skills.aimedshot_tex
90123	Common	Common	Gunner	發射秘傳導彈 01	False		icon_skills.aimedshot_tex
90124	Common	Common	Gunner	發射秘傳導彈 01	False		icon_skills.aimedshot_tex
90125	Common	Common	Gunner	發射秘傳導彈 01	False		icon_skills.aimedshot_tex
90200	Common	Common	Gunner	發射秘傳導彈 02	False		icon_skills.aimedshot_tex
90210	Common	Common	Gunner	發射秘傳導彈 02	False		icon_skills.aimedshot_tex
90211	Common	Common	Gunner	發射秘傳導彈 02	False		icon_skills.aimedshot_tex
90220	Common	Common	Gunner	發射秘傳導彈 02	False		icon_skills.aimedshot_tex
90221	Common	Common	Gunner	發射秘傳導彈 02	False		icon_skills.aimedshot_tex
90222	Common	Common	Gunner	發射秘傳導彈 02	False		icon_skills.aimedshot_tex
90223	Common	Common	Gunner	發射秘傳導彈 02	False		icon_skills.aimedshot_tex
90224	Common	Common	Gunner	發射秘傳導彈 02	False		icon_skills.aimedshot_tex
90225	Common	Common	Gunner	發射秘傳導彈 02	False		icon_skills.aimedshot_tex
90300	Common	Common	Gunner	發射秘傳導彈 03	False		icon_skills.aimedshot_tex
90310	Common	Common	Gunner	發射秘傳導彈 03	False		icon_skills.aimedshot_tex
90311	Common	Common	Gunner	發射秘傳導彈 03	False		icon_skills.aimedshot_tex
90320	Common	Common	Gunner	發射秘傳導彈 03	False		icon_skills.aimedshot_tex
90321	Common	Common	Gunner	發射秘傳導彈 03	False		icon_skills.aimedshot_tex
90322	Common	Common	Gunner	發射秘傳導彈 03	False		icon_skills.aimedshot_tex
90323	Common	Common	Gunner	發射秘傳導彈 03	False		icon_skills.aimedshot_tex
90324	Common	Common	Gunner	發射秘傳導彈 03	False		icon_skills.aimedshot_tex
90325	Common	Common	Gunner	發射秘傳導彈 03	False		icon_skills.aimedshot_tex
90400	Common	Common	Gunner	發射秘傳導彈 04	False		icon_skills.aimedshot_tex
90410	Common	Common	Gunner	發射秘傳導彈 04	False		icon_skills.aimedshot_tex
90411	Common	Common	Gunner	發射秘傳導彈 04	False		icon_skills.aimedshot_tex
90420	Common	Common	Gunner	發射秘傳導彈 04	False		icon_skills.aimedshot_tex
90421	Common	Common	Gunner	發射秘傳導彈 04	False		icon_skills.aimedshot_tex
90422	Common	Common	Gunner	發射秘傳導彈 04	False		icon_skills.aimedshot_tex
90423	Common	Common	Gunner	發射秘傳導彈 04	False		icon_skills.aimedshot_tex
90424	Common	Common	Gunner	發射秘傳導彈 04	False		icon_skills.aimedshot_tex
90425	Common	Common	Gunner	發射秘傳導彈 04	False		icon_skills.aimedshot_tex
90500	Common	Common	Gunner	發射秘傳導彈 05	False		icon_skills.aimedshot_tex
90510	Common	Common	Gunner	發射秘傳導彈 05	False		icon_skills.aimedshot_tex
90511	Common	Common	Gunner	發射秘傳導彈 05	False		icon_skills.aimedshot_tex
90520	Common	Common	Gunner	發射秘傳導彈 05	False		icon_skills.aimedshot_tex
90521	Common	Common	Gunner	發射秘傳導彈 05	False		icon_skills.aimedshot_tex
90522	Common	Common	Gunner	發射秘傳導彈 05	False		icon_skills.aimedshot_tex
90523	Common	Common	Gunner	發射秘傳導彈 05	False		icon_skills.aimedshot_tex
90524	Common	Common	Gunner	發射秘傳導彈 05	False		icon_skills.aimedshot_tex
90525	Common	Common	Gunner	發射秘傳導彈 05	False		icon_skills.aimedshot_tex
90600	Common	Common	Gunner	發射秘傳導彈 06	False		icon_skills.aimedshot_tex
90610	Common	Common	Gunner	發射秘傳導彈 06	False		icon_skills.aimedshot_tex
90611	Common	Common	Gunner	發射秘傳導彈 06	False		icon_skills.aimedshot_tex
90620	Common	Common	Gunner	發射秘傳導彈 06	False		icon_skills.aimedshot_tex
90621	Common	Common	Gunner	發射秘傳導彈 06	False		icon_skills.aimedshot_tex
90622	Common	Common	Gunner	發射秘傳導彈 06	False		icon_skills.aimedshot_tex
90623	Common	Common	Gunner	發射秘傳導彈 06	False		icon_skills.aimedshot_tex
90624	Common	Common	Gunner	發射秘傳導彈 06	False		icon_skills.aimedshot_tex
90625	Common	Common	Gunner	發射秘傳導彈 06	False		icon_skills.aimedshot_tex
90700	Common	Common	Gunner	發射秘傳導彈 07	False		icon_skills.aimedshot_tex
90710	Common	Common	Gunner	發射秘傳導彈 07	False		icon_skills.aimedshot_tex
90711	Common	Common	Gunner	發射秘傳導彈 07	False		icon_skills.aimedshot_tex
90720	Common	Common	Gunner	發射秘傳導彈 07	False		icon_skills.aimedshot_tex
90721	Common	Common	Gunner	發射秘傳導彈 07	False		icon_skills.aimedshot_tex
90722	Common	Common	Gunner	發射秘傳導彈 07	False		icon_skills.aimedshot_tex
90723	Common	Common	Gunner	發射秘傳導彈 07	False		icon_skills.aimedshot_tex
90724	Common	Common	Gunner	發射秘傳導彈 07	False		icon_skills.aimedshot_tex
90725	Common	Common	Gunner	發射秘傳導彈 07	False		icon_skills.aimedshot_tex
90800	Common	Common	Gunner	發射秘傳導彈 08	False		icon_skills.aimedshot_tex
90810	Common	Common	Gunner	發射秘傳導彈 08	False		icon_skills.aimedshot_tex
90811	Common	Common	Gunner	發射秘傳導彈 08	False		icon_skills.aimedshot_tex
90820	Common	Common	Gunner	發射秘傳導彈 08	False		icon_skills.aimedshot_tex
90821	Common	Common	Gunner	發射秘傳導彈 08	False		icon_skills.aimedshot_tex
90822	Common	Common	Gunner	發射秘傳導彈 08	False		icon_skills.aimedshot_tex
90823	Common	Common	Gunner	發射秘傳導彈 08	False		icon_skills.aimedshot_tex
90824	Common	Common	Gunner	發射秘傳導彈 08	False		icon_skills.aimedshot_tex
90825	Common	Common	Gunner	發射秘傳導彈 08	False		icon_skills.aimedshot_tex
90900	Common	Common	Gunner	發射秘傳導彈 09	False		icon_skills.aimedshot_tex
90910	Common	Common	Gunner	發射秘傳導彈 09	False		icon_skills.aimedshot_tex
90911	Common	Common	Gunner	發射秘傳導彈 09	False		icon_skills.aimedshot_tex
90920	Common	Common	Gunner	發射秘傳導彈 09	False		icon_skills.aimedshot_tex
90921	Common	Common	Gunner	發射秘傳導彈 09	False		icon_skills.aimedshot_tex
90922	Common	Common	Gunner	發射秘傳導彈 09	False		icon_skills.aimedshot_tex
90923	Common	Common	Gunner	發射秘傳導彈 09	False		icon_skills.aimedshot_tex
90924	Common	Common	Gunner	發射秘傳導彈 09	False		icon_skills.aimedshot_tex
90925	Common	Common	Gunner	發射秘傳導彈 09	False		icon_skills.aimedshot_tex
91000	Common	Common	Gunner	發射秘傳導彈 10	False		icon_skills.aimedshot_tex
91010	Common	Common	Gunner	發射秘傳導彈 10	False		icon_skills.aimedshot_tex
91011	Common	Common	Gunner	發射秘傳導彈 10	False		icon_skills.aimedshot_tex
91012	Common	Common	Gunner	發射秘傳導彈 10	False		icon_skills.aimedshot_tex
91020	Common	Common	Gunner	發射秘傳導彈 10	False		icon_skills.aimedshot_tex
91021	Common	Common	Gunner	發射秘傳導彈 10	False		icon_skills.aimedshot_tex
91022	Common	Common	Gunner	發射秘傳導彈 10	False		icon_skills.aimedshot_tex
91023	Common	Common	Gunner	發射秘傳導彈 10	False		icon_skills.aimedshot_tex
91024	Common	Common	Gunner	發射秘傳導彈 10	False		icon_skills.aimedshot_tex
91025	Common	Common	Gunner	發射秘傳導彈 10	False		icon_skills.aimedshot_tex
91031	Common	Common	Gunner	發射秘傳導彈 10	False		icon_skills.aimedshot_tex
91032	Common	Common	Gunner	發射秘傳導彈 10	False		icon_skills.aimedshot_tex
91033	Common	Common	Gunner	發射秘傳導彈 10	False		icon_skills.aimedshot_tex
91034	Common	Common	Gunner	發射秘傳導彈 10	False		icon_skills.aimedshot_tex
91035	Common	Common	Gunner	發射秘傳導彈 10	False		icon_skills.aimedshot_tex
93112	Common	Common	Gunner	發射秘傳導彈 10	False		icon_skills.aimedshot_tex
93131	Common	Common	Gunner	發射秘傳導彈 10	False		icon_skills.aimedshot_tex
93132	Common	Common	Gunner	發射秘傳導彈 10	False		icon_skills.aimedshot_tex
93133	Common	Common	Gunner	發射秘傳導彈 10	False		icon_skills.aimedshot_tex
93134	Common	Common	Gunner	發射秘傳導彈 10	False		icon_skills.aimedshot_tex
93135	Common	Common	Gunner	發射秘傳導彈 10	False		icon_skills.aimedshot_tex

100100	Common	Common	Gunner	投擲秘傳手榴彈 01	False		icon_skills.arcanegrenadethrow_tex
100101	Common	Common	Gunner	投擲秘傳手榴彈 01	False		icon_skills.arcanegrenadethrow_tex
100102	Common	Common	Gunner	投擲秘傳手榴彈 01	False		icon_skills.arcanegrenadethrow_tex
100120	Common	Common	Gunner	投擲秘傳手榴彈 01	False		icon_skills.arcanegrenadethrow_tex
100121	Common	Common	Gunner	投擲秘傳手榴彈 01	False		icon_skills.arcanegrenadethrow_tex
100122	Common	Common	Gunner	投擲秘傳手榴彈 01	False		icon_skills.arcanegrenadethrow_tex
100123	Common	Common	Gunner	投擲秘傳手榴彈 01	False		icon_skills.arcanegrenadethrow_tex
100124	Common	Common	Gunner	投擲秘傳手榴彈 01	False		icon_skills.arcanegrenadethrow_tex
100130	Common	Common	Gunner	投擲秘傳手榴彈 01	True		icon_skills.arcanegrenadethrow_tex
100200	Common	Common	Gunner	投擲秘傳手榴彈 02	False		icon_skills.arcanegrenadethrow_tex
100201	Common	Common	Gunner	投擲秘傳手榴彈 02	False		icon_skills.arcanegrenadethrow_tex
100202	Common	Common	Gunner	投擲秘傳手榴彈 02	False		icon_skills.arcanegrenadethrow_tex
100220	Common	Common	Gunner	投擲秘傳手榴彈 02	False		icon_skills.arcanegrenadethrow_tex
100221	Common	Common	Gunner	投擲秘傳手榴彈 02	False		icon_skills.arcanegrenadethrow_tex
100222	Common	Common	Gunner	投擲秘傳手榴彈 02	False		icon_skills.arcanegrenadethrow_tex
100223	Common	Common	Gunner	投擲秘傳手榴彈 02	False		icon_skills.arcanegrenadethrow_tex
100224	Common	Common	Gunner	投擲秘傳手榴彈 02	False		icon_skills.arcanegrenadethrow_tex
100230	Common	Common	Gunner	投擲秘傳手榴彈 02	True		icon_skills.arcanegrenadethrow_tex
100300	Common	Common	Gunner	投擲秘傳手榴彈 03	False		icon_skills.arcanegrenadethrow_tex
100301	Common	Common	Gunner	投擲秘傳手榴彈 03	False		icon_skills.arcanegrenadethrow_tex
100302	Common	Common	Gunner	投擲秘傳手榴彈 03	False		icon_skills.arcanegrenadethrow_tex
100320	Common	Common	Gunner	投擲秘傳手榴彈 03	False		icon_skills.arcanegrenadethrow_tex
100321	Common	Common	Gunner	投擲秘傳手榴彈 03	False		icon_skills.arcanegrenadethrow_tex
100322	Common	Common	Gunner	投擲秘傳手榴彈 03	False		icon_skills.arcanegrenadethrow_tex
100323	Common	Common	Gunner	投擲秘傳手榴彈 03	False		icon_skills.arcanegrenadethrow_tex
100324	Common	Common	Gunner	投擲秘傳手榴彈 03	False		icon_skills.arcanegrenadethrow_tex
100330	Common	Common	Gunner	投擲秘傳手榴彈 03	True		icon_skills.arcanegrenadethrow_tex
100400	Common	Common	Gunner	投擲秘傳手榴彈 04	False		icon_skills.arcanegrenadethrow_tex
100401	Common	Common	Gunner	投擲秘傳手榴彈 04	False		icon_skills.arcanegrenadethrow_tex
100402	Common	Common	Gunner	投擲秘傳手榴彈 04	False		icon_skills.arcanegrenadethrow_tex
100420	Common	Common	Gunner	投擲秘傳手榴彈 04	False		icon_skills.arcanegrenadethrow_tex
100421	Common	Common	Gunner	投擲秘傳手榴彈 04	False		icon_skills.arcanegrenadethrow_tex
100422	Common	Common	Gunner	投擲秘傳手榴彈 04	False		icon_skills.arcanegrenadethrow_tex
100423	Common	Common	Gunner	投擲秘傳手榴彈 04	False		icon_skills.arcanegrenadethrow_tex
100424	Common	Common	Gunner	投擲秘傳手榴彈 04	False		icon_skills.arcanegrenadethrow_tex
100430	Common	Common	Gunner	投擲秘傳手榴彈 04	True		icon_skills.arcanegrenadethrow_tex
100500	Common	Common	Gunner	投擲秘傳手榴彈 05	False		icon_skills.arcanegrenadethrow_tex
100501	Common	Common	Gunner	投擲秘傳手榴彈 05	False		icon_skills.arcanegrenadethrow_tex
100502	Common	Common	Gunner	投擲秘傳手榴彈 05	False		icon_skills.arcanegrenadethrow_tex
100520	Common	Common	Gunner	投擲秘傳手榴彈 05	False		icon_skills.arcanegrenadethrow_tex
100521	Common	Common	Gunner	投擲秘傳手榴彈 05	False		icon_skills.arcanegrenadethrow_tex
100522	Common	Common	Gunner	投擲秘傳手榴彈 05	False		icon_skills.arcanegrenadethrow_tex
100523	Common	Common	Gunner	投擲秘傳手榴彈 05	False		icon_skills.arcanegrenadethrow_tex
100524	Common	Common	Gunner	投擲秘傳手榴彈 05	False		icon_skills.arcanegrenadethrow_tex
100530	Common	Common	Gunner	投擲秘傳手榴彈 05	True		icon_skills.arcanegrenadethrow_tex
100600	Common	Common	Gunner	投擲秘傳手榴彈 06	False		icon_skills.arcanegrenadethrow_tex
100601	Common	Common	Gunner	投擲秘傳手榴彈 06	False		icon_skills.arcanegrenadethrow_tex
100602	Common	Common	Gunner	投擲秘傳手榴彈 06	False		icon_skills.arcanegrenadethrow_tex
100620	Common	Common	Gunner	投擲秘傳手榴彈 06	False		icon_skills.arcanegrenadethrow_tex
100621	Common	Common	Gunner	投擲秘傳手榴彈 06	False		icon_skills.arcanegrenadethrow_tex
100622	Common	Common	Gunner	投擲秘傳手榴彈 06	False		icon_skills.arcanegrenadethrow_tex
100623	Common	Common	Gunner	投擲秘傳手榴彈 06	False		icon_skills.arcanegrenadethrow_tex
100624	Common	Common	Gunner	投擲秘傳手榴彈 06	False		icon_skills.arcanegrenadethrow_tex
100630	Common	Common	Gunner	投擲秘傳手榴彈 06	True		icon_skills.arcanegrenadethrow_tex
100700	Common	Common	Gunner	投擲秘傳手榴彈 07	False		icon_skills.arcanegrenadethrow_tex
100701	Common	Common	Gunner	投擲秘傳手榴彈 07	False		icon_skills.arcanegrenadethrow_tex
100702	Common	Common	Gunner	投擲秘傳手榴彈 07	False		icon_skills.arcanegrenadethrow_tex
100720	Common	Common	Gunner	投擲秘傳手榴彈 07	False		icon_skills.arcanegrenadethrow_tex
100721	Common	Common	Gunner	投擲秘傳手榴彈 07	False		icon_skills.arcanegrenadethrow_tex
100722	Common	Common	Gunner	投擲秘傳手榴彈 07	False		icon_skills.arcanegrenadethrow_tex
100723	Common	Common	Gunner	投擲秘傳手榴彈 07	False		icon_skills.arcanegrenadethrow_tex
100724	Common	Common	Gunner	投擲秘傳手榴彈 07	False		icon_skills.arcanegrenadethrow_tex
100730	Common	Common	Gunner	投擲秘傳手榴彈 07	True		icon_skills.arcanegrenadethrow_tex
100800	Common	Common	Gunner	投擲秘傳手榴彈 08	False		icon_skills.arcanegrenadethrow_tex
100801	Common	Common	Gunner	投擲秘傳手榴彈 08	False		icon_skills.arcanegrenadethrow_tex
100802	Common	Common	Gunner	投擲秘傳手榴彈 08	False		icon_skills.arcanegrenadethrow_tex
100820	Common	Common	Gunner	投擲秘傳手榴彈 08	False		icon_skills.arcanegrenadethrow_tex
100821	Common	Common	Gunner	投擲秘傳手榴彈 08	False		icon_skills.arcanegrenadethrow_tex
100822	Common	Common	Gunner	投擲秘傳手榴彈 08	False		icon_skills.arcanegrenadethrow_tex
100823	Common	Common	Gunner	投擲秘傳手榴彈 08	False		icon_skills.arcanegrenadethrow_tex
100824	Common	Common	Gunner	投擲秘傳手榴彈 08	False		icon_skills.arcanegrenadethrow_tex
100830	Common	Common	Gunner	投擲秘傳手榴彈 08	True		icon_skills.arcanegrenadethrow_tex
100900	Common	Common	Gunner	投擲秘傳手榴彈 09	False		icon_skills.arcanegrenadethrow_tex
100901	Common	Common	Gunner	投擲秘傳手榴彈 09	False		icon_skills.arcanegrenadethrow_tex
100902	Common	Common	Gunner	投擲秘傳手榴彈 09	False		icon_skills.arcanegrenadethrow_tex
100920	Common	Common	Gunner	投擲秘傳手榴彈 09	False		icon_skills.arcanegrenadethrow_tex
100921	Common	Common	Gunner	投擲秘傳手榴彈 09	False		icon_skills.arcanegrenadethrow_tex
100922	Common	Common	Gunner	投擲秘傳手榴彈 09	False		icon_skills.arcanegrenadethrow_tex
100923	Common	Common	Gunner	投擲秘傳手榴彈 09	False		icon_skills.arcanegrenadethrow_tex
100924	Common	Common	Gunner	投擲秘傳手榴彈 09	False		icon_skills.arcanegrenadethrow_tex
100930	Common	Common	Gunner	投擲秘傳手榴彈 09	True		icon_skills.arcanegrenadethrow_tex

110100	Common	Common	Gunner	火箭騰飛 01	False		icon_skills.rocketjump_tex
110101	Common	Common	Gunner	火箭騰飛 01	False		icon_skills.rocketjump_tex
110102	Common	Common	Gunner	火箭騰飛 01	False		icon_skills.rocketjump_tex
110130	Common	Common	Gunner	火箭騰飛 01	True		icon_skills.rocketjump_tex
110131	Common	Common	Gunner	超強力火箭騰飛 01	True		icon_skills.superrocketjump_tex
110200	Common	Common	Gunner	火箭騰飛 02	False		icon_skills.rocketjump_tex
110201	Common	Common	Gunner	火箭騰飛 02	False		icon_skills.rocketjump_tex
110202	Common	Common	Gunner	火箭騰飛 02	False		icon_skills.rocketjump_tex
110230	Common	Common	Gunner	火箭騰飛 02	True		icon_skills.rocketjump_tex
110231	Common	Common	Gunner	超強力火箭騰飛 02	True		icon_skills.superrocketjump_tex
110300	Common	Common	Gunner	火箭騰飛 03	False		icon_skills.rocketjump_tex
110301	Common	Common	Gunner	火箭騰飛 03	False		icon_skills.rocketjump_tex
110302	Common	Common	Gunner	火箭騰飛 03	False		icon_skills.rocketjump_tex
110330	Common	Common	Gunner	火箭騰飛 03	True		icon_skills.rocketjump_tex
110331	Common	Common	Gunner	超強力火箭騰飛 03	True		icon_skills.superrocketjump_tex
110400	Common	Common	Gunner	火箭騰飛 04	False		icon_skills.rocketjump_tex
110401	Common	Common	Gunner	火箭騰飛 04	False		icon_skills.rocketjump_tex
110402	Common	Common	Gunner	火箭騰飛 04	False		icon_skills.rocketjump_tex
110430	Common	Common	Gunner	火箭騰飛 04	True		icon_skills.rocketjump_tex
110431	Common	Common	Gunner	超強力火箭騰飛 04	True		icon_skills.superrocketjump_tex
110500	Common	Common	Gunner	火箭騰飛 05	False		icon_skills.rocketjump_tex
110501	Common	Common	Gunner	火箭騰飛 05	False		icon_skills.rocketjump_tex
110502	Common	Common	Gunner	火箭騰飛 05	False		icon_skills.rocketjump_tex
110530	Common	Common	Gunner	火箭騰飛 05	True		icon_skills.rocketjump_tex
110531	Common	Common	Gunner	超強力火箭騰飛 05	True		icon_skills.superrocketjump_tex
110600	Common	Common	Gunner	火箭騰飛 06	False		icon_skills.rocketjump_tex
110601	Common	Common	Gunner	火箭騰飛 06	False		icon_skills.rocketjump_tex
110602	Common	Common	Gunner	火箭騰飛 06	False		icon_skills.rocketjump_tex
110630	Common	Common	Gunner	火箭騰飛 06	True		icon_skills.rocketjump_tex
110631	Common	Common	Gunner	超強力火箭騰飛 06	True		icon_skills.superrocketjump_tex
110700	Common	Common	Gunner	火箭騰飛 07	False		icon_skills.rocketjump_tex
110701	Common	Common	Gunner	火箭騰飛 07	False		icon_skills.rocketjump_tex
110702	Common	Common	Gunner	火箭騰飛 07	False		icon_skills.rocketjump_tex
110730	Common	Common	Gunner	火箭騰飛 07	True		icon_skills.rocketjump_tex
110731	Common	Common	Gunner	超強力火箭騰飛 07	True		icon_skills.superrocketjump_tex
110800	Common	Common	Gunner	火箭騰飛 08	False		icon_skills.rocketjump_tex
110801	Common	Common	Gunner	火箭騰飛 08	False		icon_skills.rocketjump_tex
110802	Common	Common	Gunner	火箭騰飛 08	False		icon_skills.rocketjump_tex
110830	Common	Common	Gunner	火箭騰飛 08	True		icon_skills.rocketjump_tex
110831	Common	Common	Gunner	超強力火箭騰飛 08	True		icon_skills.superrocketjump_tex

120120	Common	Common	Gunner	發射電子彈 01	False		icon_skills.command_electricballshot_tex
120220	Common	Common	Gunner	發射電子彈 02	False		icon_skills.command_electricballshot_tex
120320	Common	Common	Gunner	發射電子彈 03	False		icon_skills.command_electricballshot_tex
120420	Common	Common	Gunner	發射電子彈 04	False		icon_skills.command_electricballshot_tex
120520	Common	Common	Gunner	發射電子彈 05	False		icon_skills.command_electricballshot_tex
120620	Common	Common	Gunner	發射電子彈 06	False		icon_skills.command_electricballshot_tex
120720	Common	Common	Gunner	電子彈發射 06	False		icon_skills.command_electricballshot_tex

130100	Common	Common	Gunner	殲滅之光 01	False		icon_skills.flashcannon_tex
130101	Common	Common	Gunner	殲滅之光 01	False		icon_skills.flashcannon_tex
130102	Common	Common	Gunner	殲滅之光 01	False		icon_skills.flashcannon_tex
130120	Common	Common	Gunner	殲滅之光 01	False		icon_skills.flashcannon_tex
130130	Common	Common	Gunner	殲滅之光 01	True		icon_skills.flashcannon_tex
130200	Common	Common	Gunner	殲滅之光 02	False		icon_skills.flashcannon_tex
130201	Common	Common	Gunner	殲滅之光 02	False		icon_skills.flashcannon_tex
130202	Common	Common	Gunner	殲滅之光 02	False		icon_skills.flashcannon_tex
130230	Common	Common	Gunner	殲滅之光 02	True		icon_skills.flashcannon_tex

150100	Common	Common	Gunner	裝填魔力 01	False		icon_skills.reload_tex
150101	Common	Common	Gunner	裝填魔力 01	False		icon_skills.reload_tex
150102	Common	Common	Gunner	裝填魔力 01	False		icon_skills.reload_tex
150130	Common	Common	Gunner	裝填魔力 01	True		icon_skills.reload_tex
150200	Common	Common	Gunner	裝填魔力 02	False		icon_skills.reload_tex
150201	Common	Common	Gunner	裝填魔力 02	False		icon_skills.reload_tex
150202	Common	Common	Gunner	裝填魔力 02	False		icon_skills.reload_tex
150230	Common	Common	Gunner	裝填魔力 02	True		icon_skills.reload_tex
150300	Common	Common	Gunner	裝填魔力 03	False		icon_skills.reload_tex
150301	Common	Common	Gunner	裝填魔力 03	False		icon_skills.reload_tex
150302	Common	Common	Gunner	裝填魔力 03	False		icon_skills.reload_tex
150330	Common	Common	Gunner	裝填魔力 03	True		icon_skills.reload_tex
150400	Common	Common	Gunner	裝填魔力 04	False		icon_skills.reload_tex
150401	Common	Common	Gunner	裝填魔力 04	False		icon_skills.reload_tex
150402	Common	Common	Gunner	裝填魔力 04	False		icon_skills.reload_tex
150430	Common	Common	Gunner	裝填魔力 04	True		icon_skills.reload_tex
150500	Common	Common	Gunner	裝填魔力 05	False		icon_skills.reload_tex
150501	Common	Common	Gunner	裝填魔力 05	False		icon_skills.reload_tex
150502	Common	Common	Gunner	裝填魔力 05	False		icon_skills.reload_tex
150530	Common	Common	Gunner	裝填魔力 05	True		icon_skills.reload_tex
150600	Common	Common	Gunner	裝填魔力 06	False		icon_skills.reload_tex
150601	Common	Common	Gunner	裝填魔力 06	False		icon_skills.reload_tex
150602	Common	Common	Gunner	裝填魔力 06	False		icon_skills.reload_tex
150630	Common	Common	Gunner	裝填魔力 06	True		icon_skills.reload_tex
150700	Common	Common	Gunner	裝填魔力 07	False		icon_skills.reload_tex
150701	Common	Common	Gunner	裝填魔力 07	False		icon_skills.reload_tex
150702	Common	Common	Gunner	裝填魔力 07	False		icon_skills.reload_tex
150730	Common	Common	Gunner	裝填魔力 07	True		icon_skills.reload_tex
150800	Common	Common	Gunner	裝填魔力 08	False		icon_skills.reload_tex
150801	Common	Common	Gunner	裝填魔力 08	False		icon_skills.reload_tex
150802	Common	Common	Gunner	裝填魔力 08	False		icon_skills.reload_tex
150830	Common	Common	Gunner	裝填魔力 08	True		icon_skills.reload_tex
150900	Common	Common	Gunner	裝填魔力 09	False		icon_skills.reload_tex
150901	Common	Common	Gunner	裝填魔力 09	False		icon_skills.reload_tex
150902	Common	Common	Gunner	裝填魔力 09	False		icon_skills.reload_tex
150930	Common	Common	Gunner	裝填魔力 09	True		icon_skills.reload_tex
151000	Common	Common	Gunner	裝填魔力 10	False		icon_skills.reload_tex
151001	Common	Common	Gunner	裝填魔力 09	False		icon_skills.reload_tex
151002	Common	Common	Gunner	裝填魔力 09	False		icon_skills.reload_tex
151030	Common	Common	Gunner	裝填魔力 09	True		icon_skills.reload_tex
151100	Common	Common	Gunner	裝填魔力 11	False		icon_skills.reload_tex
151101	Common	Common	Gunner	裝填魔力 09	False		icon_skills.reload_tex
151102	Common	Common	Gunner	裝填魔力 09	False		icon_skills.reload_tex
151130	Common	Common	Gunner	裝填魔力 09	True		icon_skills.reload_tex

180100	Common	Common	Gunner	機器人出擊 01	False		icon_skills.summondispenser_tex
180101	Common	Common	Gunner	機器人出擊 01	False		icon_skills.summondispenser_tex
180102	Common	Common	Gunner	機器人出擊 01	False		icon_skills.summondispenser_tex
180120	Common	Common	Gunner	機器人出擊 01	False		icon_skills.summondispenser_tex
180121	Common	Common	Gunner	機器人出擊 01	False		icon_skills.summondispenser_tex
180122	Common	Common	Gunner	機器人出擊 01	False		icon_skills.summondispenser_tex
180131	Common	Common	Gunner	機器人出擊 01	False		icon_skills.summondispenser_tex
180200	Common	Common	Gunner	機器人出擊 02	False		icon_skills.summondispenser_tex
180201	Common	Common	Gunner	機器人出擊 02	False		icon_skills.summondispenser_tex
180202	Common	Common	Gunner	機器人出擊 02	False		icon_skills.summondispenser_tex
180220	Common	Common	Gunner	機器人出擊 02	False		icon_skills.summondispenser_tex
180221	Common	Common	Gunner	機器人出擊 02	False		icon_skills.summondispenser_tex
180222	Common	Common	Gunner	機器人出擊 02	False		icon_skills.summondispenser_tex
180231	Common	Common	Gunner	機器人出擊 02	False		icon_skills.summondispenser_tex
180300	Common	Common	Gunner	機器人出擊 03	False		icon_skills.summondispenser_tex
180301	Common	Common	Gunner	機器人出擊 03	False		icon_skills.summondispenser_tex
180302	Common	Common	Gunner	機器人出擊 03	False		icon_skills.summondispenser_tex
180320	Common	Common	Gunner	機器人出擊 03	False		icon_skills.summondispenser_tex
180321	Common	Common	Gunner	機器人出擊 03	False		icon_skills.summondispenser_tex
180322	Common	Common	Gunner	機器人出擊 03	False		icon_skills.summondispenser_tex
180331	Common	Common	Gunner	機器人出擊 03	False		icon_skills.summondispenser_tex
180400	Common	Common	Gunner	機器人出擊 04	False		icon_skills.summondispenser_tex
180401	Common	Common	Gunner	機器人出擊 04	False		icon_skills.summondispenser_tex
180402	Common	Common	Gunner	機器人出擊 04	False		icon_skills.summondispenser_tex
180420	Common	Common	Gunner	機器人出擊 04	False		icon_skills.summondispenser_tex
180421	Common	Common	Gunner	機器人出擊 04	False		icon_skills.summondispenser_tex
180422	Common	Common	Gunner	機器人出擊 04	False		icon_skills.summondispenser_tex
180431	Common	Common	Gunner	機器人出擊 04	False		icon_skills.summondispenser_tex
180500	Common	Common	Gunner	機器人出擊 05	False		icon_skills.summondispenser_tex
180501	Common	Common	Gunner	機器人出擊 05	False		icon_skills.summondispenser_tex
180502	Common	Common	Gunner	機器人出擊 05	False		icon_skills.summondispenser_tex
180520	Common	Common	Gunner	機器人出擊 05	False		icon_skills.summondispenser_tex
180521	Common	Common	Gunner	機器人出擊 05	False		icon_skills.summondispenser_tex
180522	Common	Common	Gunner	機器人出擊 05	False		icon_skills.summondispenser_tex
180531	Common	Common	Gunner	機器人出擊 05	False		icon_skills.summondispenser_tex
180600	Common	Common	Gunner	機器人出擊 06	False		icon_skills.summondispenser_tex
180601	Common	Common	Gunner	機器人出擊 06	False		icon_skills.summondispenser_tex
180602	Common	Common	Gunner	機器人出擊 06	False		icon_skills.summondispenser_tex
180620	Common	Common	Gunner	機器人出擊 06	False		icon_skills.summondispenser_tex
180621	Common	Common	Gunner	機器人出擊 06	False		icon_skills.summondispenser_tex
180622	Common	Common	Gunner	機器人出擊 06	False		icon_skills.summondispenser_tex
180631	Common	Common	Gunner	機器人出擊 06	False		icon_skills.summondispenser_tex
180700	Common	Common	Gunner	機器人出擊 07	False		icon_skills.summondispenser_tex
180701	Common	Common	Gunner	機器人出擊 07	False		icon_skills.summondispenser_tex
180702	Common	Common	Gunner	機器人出擊 07	False		icon_skills.summondispenser_tex
180720	Common	Common	Gunner	機器人出擊 07	False		icon_skills.summondispenser_tex
180721	Common	Common	Gunner	機器人出擊 07	False		icon_skills.summondispenser_tex
180722	Common	Common	Gunner	機器人出擊 07	False		icon_skills.summondispenser_tex
180731	Common	Common	Gunner	機器人出擊 07	False		icon_skills.summondispenser_tex

190100	Common	Common	Gunner	設置哨兵塔 01	False		icon_skills.summonsentrytower_tex
190101	Common	Common	Gunner	設置哨兵塔 01	False		icon_skills.summonsentrytower_tex
190102	Common	Common	Gunner	設置哨兵塔 01	False		icon_skills.summonsentrytower_tex
190120	Common	Common	Gunner	設置哨兵塔 01	False		icon_skills.summonsentrytower_tex
190121	Common	Common	Gunner	設置哨兵塔 01	False		icon_skills.summonsentrytower_tex
190130	Common	Common	Gunner	設置哨兵塔 01	True		icon_skills.summonsentrytower_tex
190200	Common	Common	Gunner	設置哨兵塔 02	False		icon_skills.summonsentrytower_tex
190201	Common	Common	Gunner	設置哨兵塔 02	False		icon_skills.summonsentrytower_tex
190202	Common	Common	Gunner	設置哨兵塔 02	False		icon_skills.summonsentrytower_tex
190220	Common	Common	Gunner	設置哨兵塔 02	False		icon_skills.summonsentrytower_tex
190221	Common	Common	Gunner	設置哨兵塔 02	False		icon_skills.summonsentrytower_tex
190230	Common	Common	Gunner	設置哨兵塔 02	True		icon_skills.summonsentrytower_tex
190300	Common	Common	Gunner	設置哨兵塔 03	False		icon_skills.summonsentrytower_tex
190301	Common	Common	Gunner	設置哨兵塔 03	False		icon_skills.summonsentrytower_tex
190302	Common	Common	Gunner	設置哨兵塔 03	False		icon_skills.summonsentrytower_tex
190320	Common	Common	Gunner	設置哨兵塔 03	False		icon_skills.summonsentrytower_tex
190321	Common	Common	Gunner	設置哨兵塔 03	False		icon_skills.summonsentrytower_tex
190330	Common	Common	Gunner	設置哨兵塔 03	True		icon_skills.summonsentrytower_tex
190400	Common	Common	Gunner	設置哨兵塔 04	False		icon_skills.summonsentrytower_tex
190401	Common	Common	Gunner	設置哨兵塔 04	False		icon_skills.summonsentrytower_tex
190402	Common	Common	Gunner	設置哨兵塔 04	False		icon_skills.summonsentrytower_tex
190420	Common	Common	Gunner	設置哨兵塔 04	False		icon_skills.summonsentrytower_tex
190421	Common	Common	Gunner	設置哨兵塔 04	False		icon_skills.summonsentrytower_tex
190430	Common	Common	Gunner	設置哨兵塔 04	True		icon_skills.summonsentrytower_tex

200100	Common	Common	Gunner	起身火箭 01	False		icon_skills.risingrocket_tex
200200	Common	Common	Gunner	起身火箭 02	False		icon_skills.risingrocket_tex
200300	Common	Common	Gunner	起身火箭 03	False		icon_skills.risingrocket_tex
200400	Common	Common	Gunner	起身火箭 04	False		icon_skills.risingrocket_tex
200500	Common	Common	Gunner	起身火箭 05	False		icon_skills.risingrocket_tex
200600	Common	Common	Gunner	起身火箭 06	False		icon_skills.risingrocket_tex
200700	Common	Common	Gunner	起身火箭 07	False		icon_skills.risingrocket_tex
200800	Common	Common	Gunner	起身火箭 08	False		icon_skills.risingrocket_tex
200900	Common	Common	Gunner	起身火箭 09	False		icon_skills.risingrocket_tex
201000	Common	Common	Gunner	起身火箭 10	False		icon_skills.risingrocket_tex

210100	Common	Common	Gunner	命令：電荷逆流 01	False		icon_skills.command_counterflow_tex
210200	Common	Common	Gunner	命令：電荷逆流 02	False		icon_skills.command_counterflow_tex
210300	Common	Common	Gunner	命令：電荷逆流 03	False		icon_skills.command_counterflow_tex

220100	Common	Common	Gunner	命令：自爆	False		icon_skills.command_selfdestruct_tex

230100	Common	Common	Gunner	命令：待機/跟隨	False		icon_skills.followandstay_tex
230101	Common	Common	Gunner	命令：待機/跟隨	False		icon_skills.followandstay_tex
230102	Common	Common	Gunner	命令：待機/跟隨	False		icon_skills.followandstay_tex

400100	Common	Common	Gunner	前滾翻：裝填散彈	False		icon_skills.ambushrolling_tex
400101	Common	Common	Gunner	前滾翻：裝填散彈	False		icon_skills.ambushrolling_tex
400102	Common	Common	Gunner	爆衝: 裝填導彈	False		icon_skills.airdash_tex
400131	Common	Common	Gunner	前滾翻：裝填散彈	False		icon_skills.ambushrolling_tex
400132	Common	Common	Gunner	爆衝: 裝填導彈	False		icon_skills.airdash_tex

410100	Common	Common	Gunner	召喚光束遠程遙控	False		icon_skills.beampanel_tex
410101	Common	Common	Gunner	召喚光束遠程遙控	False		icon_skills.beampanel_tex
410102	Common	Common	Gunner	召喚光束遠程遙控	False		icon_skills.beampanel_tex
410130	Common	Common	Gunner	召喚光束遠程遙控	True		icon_skills.beampanel_tex

420101	Common	Common	Gunner	神秘光束砲擊	False		icon_skills.normalbeamcannon_tex
420120	Common	Common	Gunner	神秘光束砲擊	False		icon_skills.normalbeamcannon_tex
420121	Common	Common	Gunner	神秘光束砲擊	False		icon_skills.normalbeamcannon_tex
420122	Common	Common	Gunner	神秘光束砲擊	False		icon_skills.normalbeamcannon_tex
420130	Common	Common	Gunner	神秘光束砲擊			icon_skills.normalbeamcannon_tex
420131	Common	Common	Gunner	神秘光束砲擊			icon_skills.normalbeamcannon_tex

430100	Common	Common	Gunner	神秘光線	False	hit 1	icon_skills.arcanebeam_tex
430101	Common	Common	Gunner	神秘光線	False	hit 1	icon_skills.arcanebeam_tex
430103	Common	Common	Gunner	神秘光線	False	hit 1	icon_skills.arcanebeam_tex
430120	Common	Common	Gunner	神秘光線_限時炸彈	False		icon_skills.arcanebeam_tex
430121	Common	Common	Gunner	神秘光線_限時炸彈	False		icon_skills.arcanebeam_tex
430122	Common	Common	Gunner	神秘光線_限時炸彈	False	Boom	icon_skills.arcanebeam_tex
430130	Common	Common	Gunner	神秘光線	False		icon_skills.arcanebeam_tex
430131	Common	Common	Gunner	神秘光線	False	hit 2	icon_skills.arcanebeam_tex
430140	Common	Common	Gunner	神秘光線_限時炸彈	False	Boom	icon_skills.arcanebeam_tex
430150	Common	Common	Gunner	神秘光線	False		icon_skills.arcanebeam_tex
430151	Common	Common	Gunner	神秘光線	False	hit 2	icon_skills.arcanebeam_tex
430190	Common	Common	Gunner	神秘光線	False	hit 2	icon_skills.arcanebeam_tex

440101	Common	Common	Gunner	殲滅之光 02	False		icon_skills.flashcannon_tex
440120	Common	Common	Gunner	殲滅之光 02	False		icon_skills.flashcannon_tex
440130	Common	Common	Gunner	殲滅之光 02	True		icon_skills.flashcannon_tex

470100	Common	Common	Gunner	地毯式轟炸	False		icon_skills.carpetbombing_tex
470101	Common	Common	Gunner	地毯式轟炸	False		icon_skills.carpetbombing_tex
470102	Common	Common	Gunner	地毯式轟炸	False		icon_skills.carpetbombing_tex
470130	Common	Common	Gunner	地毯式轟炸	True		icon_skills.carpetbombing_tex
470140	Common	Common	Gunner	地毯式轟炸	False		icon_skills.carpetbombing_tex
470150	Common	Common	Gunner	地毯式轟炸	False		icon_skills.carpetbombing_tex
470151	Common	Common	Gunner	地毯式轟炸	False		icon_skills.carpetbombing_tex
470152	Common	Common	Gunner	地毯式轟炸	False		icon_skills.carpetbombing_tex
470153	Common	Common	Gunner	地毯式轟炸	False		icon_skills.carpetbombing_tex
470154	Common	Common	Gunner	地毯式轟炸	False		icon_skills.carpetbombing_tex
470155	Common	Common	Gunner	地毯式轟炸	False		icon_skills.carpetbombing_tex
470156	Common	Common	Gunner	地毯式轟炸	False		icon_skills.carpetbombing_tex
470157	Common	Common	Gunner	地毯式轟炸	False		icon_skills.carpetbombing_tex
470158	Common	Common	Gunner	地毯式轟炸	False		icon_skills.carpetbombing_tex
470159	Common	Common	Gunner	地毯式轟炸	False		icon_skills.carpetbombing_tex
470160	Common	Common	Gunner	地毯式轟炸	False		icon_skills.carpetbombing_tex
470161	Common	Common	Gunner	地毯式轟炸	False		icon_skills.carpetbombing_tex
470170	Common	Common	Gunner	地毯式轟炸	False	Boom	icon_skills.carpetbombing_tex

510120	Common	Common	Gunner	[機器人]地毯式轟炸	False		icon_skills.arcanepieces_tex

520120	Common	Common	Gunner	神秘破片出現	False		icon_skills.arcanepieces_tex
